0.00663009
0.00324896
0.0135081
0.000780763
0.000503124
0.004505
0.00240895
0.00298595
0.00487679
0
0.00065868
0.0025158
0.000419133
0.00190945
0.000656301
1.38511e-05
0.00628811
0.000889319
0.000138442
0.00283014
0.00287544
0.00165316
0.000390117
0.000103142
1.78292e-05
5.67256e-06
1.23129e-05
0.00186373
0.00636471
0.000178703
7.25936e-05
0.000225477
5.11946e-05
7.13458e-05
0.000361716
0.00018206
0.00255828
6.94291e-05
0.00214475
0.000511551
0.000458725
0.00687469
0.000939084
0.000165904
0.000497622
0.000395759
2.80051e-06
4.24327e-05
0.000154625
0.000291723
0.00100236
0.00232247
0.00145955
0.000247872
0.000206229
0.00451106
0.000334116
0.000186674
0.00491246
0
0
4.17563e-05
0.00315453
0.00068773
0.00230798
0.000355329
3.43323e-05
0.000128309
0.0024188
0.00634789
0.00278453
0.000426763
3.75022e-05
4.84926e-05
0.000271743
0.00216896
2.49352e-05
0.000129959
0.000294506
0.0020919
0.000161564
0.000125691
0.000241338
2.88812e-05
0.000558326
0.00183807
0.000485291
0.000152094
0.00032331
0.000390909
0.00100248
5.46165e-05
0.000374023
0.00017667
2.56034e-05
0.00191241
0.000128263
1.07374e-05
3.83753e-05
0.00421587
2.40041e-05
0.000671715
0.00487577
0.00210728
0.00324885
4.69836e-05
4.92608e-05
0.000231071
0.000446142
0.0009731
0
0.000389738
0.00444173
0.00153676
0.000580164
0.00164511
0.00743769
0.00149573
0.00161681
0.000152243
0.00607506
0.00140574
0.00826176
0.0147516
0.00218829
0.000111429
0.0686253
0.00776744
0.0118432
0.0119156
0.00396985
0.00120049
0.000587375
0.00239424
0.000628699
0.00232846
0.00151069
0.00428538
0.00282596
0.0008785
0
0.000828298
0.000917886
0.00101492
0.000192129
0.00213826
0.00421374
4.01297e-06
0.000709281
0.00137369
0.00187274
0.000430158
0.000481237
2.87842e-05
0.00228309
0.00032839
0.000358776
0.000256938
0.000240661
0.000951699
0
4.22173e-05
0.000199049
0.00515683
0.000583151
4.76233e-05
0.000190967
0.000639507
0.00127638
0.00014871
4.11519e-06
0.000454297
0.000125339
1.34629e-05
0.00124605
0
0.000386177
0.000407664
0.00103681
0.000505068
0.00373678
0.000733701
0.000572959
0.00102142
0.000163024
0.000464857
4.43992e-05
0.000556651
0.00278835
0.0027736
0.000448138
0.00195962
0.00241034
0.00146197
0.000457786
0.000424126
0.000163092
0.00185321
0.00120447
1.7911e-05
0.00187476
1.58337e-05
1.58337e-05
0.000110418
0.000212844
0.000464275
6.30734e-05
0
0.000146643
4.85575e-05
3.89904e-05
3.39901e-06
0.000283181
0.000110813
0.00178765
7.16229e-05
0
0.000131002
0
0
5.88665e-05
0.00315512
0.00168411
0.00522484
7.05689e-05
0.000555939
0.000372025
7.50911e-05
0.00015713
0.000112048
0.000243391
0.00155943
0.00131623
0.000460966
0.00251904
0.00183814
0.000126493
7.53032e-05
6.11818e-05
0.000718346
0.00518367
2.73575e-05
0.00010098
0.0100258
0.000463647
0
0
0.0102021
0.000594184
0.00154056
0.00035265
1.49666e-05
0.00177533
0.00838377
0.0138459
0.00408025
0.00337114
0.00135831
0.00122541
0.00159489
0.00117878
0.000625002
0.0103253
0.000160128
0
0
0.000145508
0.00769412
5.50532e-05
0.00013763
0.000266893
0.0118958
0.000610896
0.00126034
0.00272283
0.00256369
0.000551214
4.97634e-05
0.000432752
0.000818527
7.18424e-06
0.000903899
0.000380464
0.000157658
0
3.42292e-05
1.0921e-05
0.000131457
0.00678343
0.000601952
3.35678e-05
1.44723e-06
0.000439116
0.000143142
6.97506e-06
0.00263094
0.000331405
0.00115789
0.00241532
0.000818669
0.000206297
0.000134348
0.000178688
0.000102014
5.48273e-06
7.81403e-05
0
0.000240273
0.000223683
0.00029333
0.000623492
0.00053083
0.00310525
0.000419587
0.000818941
0.00344837
0.000524388
0.0048356
4.15261e-05
0
5.90665e-05
3.8143e-05
0.000409194
1.10074e-05
0.000842808
0.000758653
0.00102097
0.00160866
0.000689596
0.00120095
0.00153044
0.000262289
0.0029484
0.000524538
0.00168709
0
3.52721e-07
8.65265e-05
7.45422e-05
7.89488e-06
7.57973e-05
8.78062e-05
0.000116164
0.0011563
0.00133477
9.73847e-05
0.000899384
0.00036732
0.000827513
0
7.15051e-06
9.33057e-05
0.000237892
0.00409382
0.000228244
0.000454809
0.00119675
0.000135187
0
0
6.83422e-05
0.00351503
0.00220845
0.000292405
0.000243611
0.000298877
0.00296567
7.63247e-05
3.47968e-05
0.0039468
0.00773264
0
5.25712e-05
0.00711486
0.000278574
0.00139479
0.000119554
0.00247477
0.000872081
0.0123703
6.25798e-06
0.000425335
0.00485739
0.00644753
0.00844946
0.00116893
0.000692289
0.00109826
0.000649285
0.000191207
0.000185042
0.00143332
0.00257826
0.0065872
0.00157345
8.63801e-05
0.00336427
0.00117246
0.00177137
8.81835e-05
0.00419982
0
3.46961e-05
0.000710395
8.34903e-05
0.0045896
0.000528766
0.000413912
6.04823e-05
0.00140958
0.000595464
0.00761185
0.000211848
0.000133156
5.90825e-06
0
0.000173631
0.00382089
0.000447352
0.00152341
0.00180924
0.000338712
0.00178966
0.000185307
3.38556e-06
0.000574116
0.000952902
0.0036204
0.000322341
0.00132891
0.000235163
0.00163011
0.00173484
0.000275653
0.00185925
0.00135471
0.00216568
0.000136618
0.00166132
0.00050938
3.4403e-05
6.35823e-06
0
0
0.000168509
0
1.59789e-05
5.95972e-05
0.00120263
6.49379e-07
4.46017e-05
0.000136196
0.000229283
0.000851581
9.27574e-06
1.40462e-05
0.000359371
9.70757e-05
8.91699e-05
0.000909175
1.385e-05
0.000278353
7.39407e-05
0.000178918
0.00255634
0.000276566
0
1.73327e-05
0.00138519
0.00253598
4.08604e-05
0.00204996
0.00051961
0.00179757
0.000629859
0.000353785
0.000263811
1.65176e-05
0
0.000274145
0.000451489
0.000108443
0.000140511
0.000385855
0.000309209
0.0017424
5.02627e-05
0.000359312
3.14191e-05
0
0.00025139
0.00155671
0.000535908
0.00415608
0.000156012
0
0.00624172
1.81296e-05
0.000925649
0.000489518
0.000238993
0
0
0.00158901
0.000870775
0.000561681
0.00208735
6.53112e-05
0.000950087
0.00196407
0.00518094
0.00622717
0.00244716
0.000884848
0.000127764
0.00423065
0.00200213
4.9624e-05
0.00218847
0.00194232
0.00263366
3.45675e-06
0.000331059
0.0042959
0.00124869
0.000347502
1.86012e-05
0.000325036
9.02934e-05
0.00108294
0.00549018
0.000110951
0
0.000781555
0.0017061
2.16003e-05
0.000840283
0.00335231
0.000610739
0
0
0.000156035
0.00206104
0.00261529
0.00216339
0.000503013
0.00158155
0.000281768
1.57669e-05
0.00152339
0.00167702
0.000136121
0.000704349
6.43319e-05
1.31145e-05
7.43094e-06
0.00466113
0.00227269
0.000215396
9.48762e-05
0.00455833
0.00551972
0.000999077
2.35147e-05
0
6.68509e-06
0.00306635
0.000243629
0
3.38965e-05
0.000471304
0.00036094
0.000769462
0.000323045
0
3.36691e-05
0.000211405
0.000137851
0.000831301
0.00040258
2.40951e-06
1.05833e-05
0.000343483
0.00137809
0.00710776
3.89843e-05
3.75487e-05
5.86682e-05
1.94776e-05
0.00062125
3.87951e-05
0.00101202
0.00152411
0.000101913
0.000135836
7.03141e-05
0.00138892
0.000825306
8.3782e-07
0
0.00118828
0.000120473
0.000366872
8.45228e-05
3.37807e-05
0.00409271
0.00120212
0.0040731
5.03063e-05
0.00039848
0.000196311
0.00168461
0
3.37794e-05
0.000640609
6.99349e-05
0.00353712
0.000986858
0.000157918
0
0.00010671
1.84364e-05
0.00354592
0.00373431
3.48119e-05
1.60474e-05
7.13458e-05
0.00117526
0.000945721
0.00267151
0.00222753
0
0.00396327
6.36509e-06
0.00204813
0.00321186
0.00105151
0.00280784
0.000155747
0.00634591
0.00012773
0.00334359
0.000796407
0.000134347
0.00128932
0.00963491
0.000625819
0.000135844
0.000712869
0.00432047
0.000272683
9.58436e-06
0.000450223
0.0042852
1.71019e-05
0.00195599
0.000743985
3.54431e-05
0
0
0.00290281
8.05754e-05
0.000169829
0.00404135
0.00017761
0
0.000572315
0.000268653
0.000916849
0.000288607
0
0.00265714
1.2826e-05
8.20432e-05
0.00287355
0.00198898
0.000374847
3.20621e-05
0.00370272
0.00372483
1.88251e-05
0.000459133
0.00236027
0
0.000132257
0.000705338
0.000393225
0.00147844
0.00010719
5.21365e-05
2.6447e-05
0.00496612
7.81403e-05
2.06281e-05
8.15946e-06
0.000118077
0.000314708
0.000677571
0
0.00169642
0.000888702
6.21178e-06
0.000200725
0.00090466
0.000197947
0.000121659
1.51171e-05
0.000212053
0.00338649
2.37638e-05
0.00041457
0.00309421
0.00389916
4.11656e-05
1.53626e-07
1.53626e-07
9.7938e-05
0.000126654
0.000353875
3.28873e-05
0.00455835
1.12186e-05
8.75752e-05
0.000711442
0.000166306
0
0
0.000399238
0.000863999
0.000726235
0
0
1.602e-05
0.000223467
2.18621e-05
0
0.000136033
0.000504136
0.000912684
0.00223336
0.000126705
0.00219153
0.00123918
0.000374553
0.000179942
0.000157376
0.00443964
0.000507491
0.000288084
0.000264394
0.000291191
0
0.000803976
0.00498949
0
0.000182533
0
6.56518e-05
0.00211139
0.0013793
0.000140976
0.000490223
0.000175201
0.000788747
0.000186129
0.0043993
0.00107005
0.00971719
0.00429835
0.00838251
4.42357e-05
0.00513885
0.0046247
9.07378e-05
0.00275883
0.000659112
0.000608719
0.000558361
0.000271591
0.000122746
0.00336207
0.000210934
0.000589241
0.00167443
2.42821e-05
8.76646e-05
0.00330714
0.00112372
0.000897488
0.000141468
0
0.00301625
0.00195126
0.000527838
0.000284423
0.000392351
0.00187662
0.000711991
0.00731712
0.000473171
0.00229185
0
0.00198652
8.96076e-05
3.21941e-06
4.49452e-05
0.000132442
6.49676e-05
0.000150131
3.12206e-05
9.78309e-05
0.000172997
2.82233e-05
0.00318232
3.78272e-05
5.33177e-05
6.52267e-06
0.000260522
0.000106213
0.000125615
0.000142725
0
0
1.48137e-05
0.000672602
9.53744e-05
4.5821e-07
0.000857893
0.00391966
9.01494e-05
4.83089e-05
0.000388504
0.00010489
0.00331185
0
0
0.00297511
0.000510381
2.92302e-05
7.69802e-06
1.07738e-07
0
0.000491189
0
0
0.000287958
0.000134438
0.00154003
0
0.000495698
0.00117101
0.000149577
0.000443496
0.00488665
0.00828139
2.2454e-05
0.000275967
0.000260601
0.00269491
5.17125e-05
0
0.0119347
0
0
0
0.000236222
0.000466654
4.10713e-05
0
0.006363
0.000312237
0.000486534
0.000592369
0.000188862
0.000137842
0.000250266
0.00153972
0.000393292
3.9968e-05
0.00635236
0.000995973
0.000729056
0.000649151
0.0019438
0.000140717
0
0.00031838
0.00307343
0.00203488
0
0.000362044
0.000780311
0.00183151
0.000476312
0.00216934
0.00195615
0.000191842
0.000129242
0.00368566
0.000363744
0.000714797
0.000845418
2.98094e-06
0.000892195
0.00018831
0.0013816
0.000563647
0.00362327
0.000253631
0.00012046
0.000538137
0.00023965
0.00071566
0.000425828
0.000490414
0.00172835
2.92428e-05
0.00120276
0.00113497
0.000357953
0
5.56055e-05
0.00262005
0.000606866
0.00451702
0.000271261
6.14784e-05
0.00162068
0.000500571
0.00139803
0.000178891
6.836e-05
6.97054e-05
4.78759e-05
0.000610028
0.000800494
2.35501e-05
6.06678e-05
8.80819e-06
0.00287104
0.00354223
0
0
0
0.000101539
0.000248662
0.000788093
0.000287718
4.72494e-05
0.000211549
0.000552014
0.00127963
6.31089e-05
9.62826e-06
0.0010309
0
1.6159e-05
0.00194791
2.37746e-05
0
0
0
0.00337369
0.000115719
0
0.000771099
0.00299647
0.00141058
0.000521517
0.000130069
0.0004515
0.000505383
2.95023e-05
0.000412998
0.0029909
0.00104687
0
0
0.000209063
0.00156467
6.80425e-05
0.00207406
0.000159271
0.000946126
0.000139834
0.0028935
0.000178904
0.00153908
0.00241863
6.04813e-05
0
0.000223196
4.16873e-05
0.000133212
0.000498318
1.89091e-05
0.00217941
0
1.07501e-05
0
0.00592405
0.000619224
0.000184513
0
0
3.06858e-05
0.00526897
0.000212157
0.000213359
3.88024e-05
0.00309849
6.24232e-05
0.00473362
0.000823688
0.000452139
0.00189977
9.04349e-05
0.00459783
0.00180544
0.00414092
0.000273041
0.00512275
0.00488862
9.98545e-06
0.00966183
0.00346978
0.00417631
6.34611e-05
0.00173576
0.000557241
0.0043709
2.64426e-05
0.000399863
0.00239933
0
0.000208294
7.64446e-05
0.00012611
0.00387304
0.0001334
8.70547e-05
0.00038429
0.00517252
0.000288451
6.78163e-05
0.000195968
0.00552516
2.34096e-06
0.000103969
0.00210209
1.65426e-06
0
3.41711e-05
3.85821e-05
0
0
5.09426e-05
0.000281308
0.00074341
0.000526894
0.00560051
0.00295712
1.17032e-05
0.00101627
1.21883e-05
0.000506108
6.83198e-05
0
0.000102229
8.57647e-05
0.00204645
0.00015578
0
0.000106603
0.000111412
0.000997232
0.00314733
0.000773949
0.000884379
1.44477e-05
0.000775991
3.88099e-05
0.000128564
0.00264373
0.00138569
0.00244739
1.29867e-05
1.23409e-05
0.000136555
0.000149564
4.44275e-05
0.00134194
0.000192414
9.3654e-05
0.000303415
0.000218529
3.20306e-06
3.20306e-06
0.000545375
0.00249887
0.000438221
0.000439512
0.000589822
1.41963e-05
0
0
2.7484e-05
0.00149515
0.000915906
0.00111559
0.000231797
2.42904e-05
0.000120363
0.000115501
3.37792e-05
0.00182483
0.000940653
0.00152821
0.000340623
0.00269583
0.0003298
0.000306197
0.000948966
0.000132285
4.73315e-06
0.00078691
0.000212228
3.12212e-05
0
1.94092e-05
0.00805319
4.59497e-05
0.000106633
0.00127127
4.30143e-05
4.30143e-05
0.00443575
0.00154228
0.000116815
0.00236788
2.21194e-05
0.000628558
0
0.0018054
0.00622498
0
1.01151e-05
0.000149521
0.00601711
0.000123044
0.00111871
0.00116877
0.00373701
0.00816302
0.000107773
0.00193249
0.00048523
0.0022323
0.000529951
0.00869387
0
0.00164904
0.000189031
0
0.00396845
0
0.000180436
0.00756198
6.03191e-05
0
0
0.00107032
0.000434662
0.000190039
3.5783e-05
7.92425e-05
0.000271109
1.18167e-06
0.000710768
0.00030541
0.00272622
0.00249789
2.34724e-05
0
1.87508e-05
0.0020248
0.00128428
0.000150445
0.000590341
2.52804e-05
0.000389146
0.000384564
0.000674928
0.00127541
7.915e-05
0.000244235
0.0040417
0.00119738
3.19178e-05
0.000119052
0.000303588
0.00436631
0.000278348
4.55879e-05
6.64677e-05
0
0
4.3861e-05
4.55974e-05
5.904e-06
0.000364724
2.35825e-06
0.000891645
0
0
5.64296e-05
0.00200931
0.000147481
7.16504e-05
0.000139658
3.89249e-06
0.000770459
0.000275246
0.000169369
0.000102187
0
0.000148364
0
0.000109615
6.99033e-05
0
2.38053e-05
0.000367318
0.00332574
0.00282038
9.04956e-05
0.000286026
0
0.000424683
5.7869e-05
9.75324e-06
0.00262162
0.000274178
0.00410186
0
4.15079e-05
0.000462942
0.000141033
0.0028685
2.51591e-05
0.00251824
0
6.6502e-06
7.28443e-05
2.2054e-05
9.87577e-05
0.0025094
0.00178394
0.00038121
0.00489379
0.000479329
0.00164348
0.000510087
0.00147454
0
0
0.00732733
0.000451073
0.000772794
0.00164733
0.00159804
0.000135373
0.00125881
1.53394e-05
0.00829964
5.88447e-05
0.00257379
3.46663e-05
0.000377974
0.00133506
0.00312813
0.000638257
0.000737323
0.00172412
0.0035746
0.00159103
9.62393e-06
0.00010375
0.00222922
0.00066621
7.60553e-05
0.00200268
9.26447e-05
0.00575494
0.00120388
0.000100869
0.000247354
0.000162208
0.00620226
8.30119e-05
9.3288e-05
2.66181e-05
0.00435039
5.36249e-05
0.000755192
0.00132
8.60668e-05
9.13278e-05
0.000980271
1.54007e-05
6.41378e-06
4.83727e-05
0.0012252
0.000760068
0.000893577
0.000135013
0.000270933
0
0.000110409
0.000268464
0.000483482
4.01473e-05
0.00161313
0.00159505
0.000401083
1.94067e-05
0.000751132
0.00375655
0.000150611
7.01801e-05
5.31983e-05
0.000639026
0.000212993
0.000690273
3.55003e-07
3.55003e-07
3.64182e-05
0.000740009
0.00110648
4.96518e-05
0.000135981
0.000668979
8.87672e-05
0.00145546
0.00108168
0.00109152
5.66746e-05
0.000195281
7.89723e-05
7.27563e-05
0.00378297
5.08522e-05
7.86739e-05
0.00239013
2.74674e-05
0
0.000115902
0.000374526
0.000134372
0.00019632
0.000785317
0.00153618
0.00104123
0
0.00098493
0.000155957
0.000629891
8.07567e-05
0.000103102
0.000469953
7.81637e-05
0.00171405
0.000494046
0
0
8.57878e-05
0.000479515
0.000521664
0.000158076
0.000598323
0.00113774
0.00636981
8.45233e-05
0.000705647
0.000351534
8.85309e-06
0.00433347
0.00122349
0.000998676
0.00188643
9.69154e-05
0.000537477
0.000782264
0.0103744
4.89443e-05
0.00108486
4.51211e-05
0.00225851
0.00238901
0.00259353
0.00472903
0.00118461
0.000568202
0.000673219
0.001616
0.00407302
1.00952e-05
0.0101479
0.00591046
0.00012151
0.00155891
0.0033717
0.000356777
0.00011477
0.00199745
0.000499775
0.00194308
0.00168172
5.53489e-05
0.00655403
0.000271864
2.46247e-05
0.00112376
1.07423e-06
0.000203936
0.000910773
2.628e-05
0.000115898
1.25635e-05
0
0.000227601
0.000199138
0.00167215
7.56534e-05
9.37424e-06
0.0002152
0.000589027
0.00324863
5.32892e-05
5.34062e-05
0
0.00623309
0
0.000664849
0.00253736
0.000433864
0.000150278
0.000888484
0
4.08874e-05
5.07123e-05
0.00164076
0
0.000252064
0.000113123
0.000193064
1.52597e-05
0.00139939
0.000764847
5.55359e-05
1.34896e-05
0.00195404
0.0023443
7.11262e-05
0.000175897
0.0018032
1.58746e-05
0.0067527
0.00357542
0.000186681
0.00430586
0
1.91569e-05
1.68383e-05
0.000652993
0.000392414
5.42729e-06
0
9.75771e-06
0.000181768
0.000257234
2.0105e-06
0.000595316
0.00243369
0.00177214
0.00123575
3.78088e-06
0.000165674
0.000125364
6.10511e-06
6.18203e-05
0.000262851
0.000378188
0.00312103
0.000114247
0.000515428
0
1.40276e-05
0
0
0
0.000207901
0.000100553
0
0
1.87552e-06
0
0.000313798
0.000193342
0.0060194
0.000215933
3.10509e-05
0.000193256
0.00295853
1.41319e-05
4.98723e-05
0
0.000122619
0.00211556
3.94994e-05
0.00183773
0.00293367
6.97586e-05
0.00399081
0.00109089
3.1332e-05
9.68762e-05
0.000158361
0.000590436
0.00064846
0.000356493
0.00226368
0.00496645
0.00131973
0.000280006
0.00203
0.000913049
0.00620916
0.00029925
0
0.000234241
9.41866e-06
0.000215625
0.00351861
0.0051655
4.26757e-05
5.26919e-05
0.00110883
0.000222838
0
5.40222e-06
0.00686944
0.00137535
0.000106454
4.6905e-05
0.00199437
0.00331517
0.00283193
3.06884e-05
0.000210181
0.00463704
0.00051381
0.00042066
0.00123821
0.000122935
1.57879e-06
0
4.76533e-06
1.36421e-05
3.67926e-05
0.000107142
0.0001896
0.000647604
0.000175225
0.000188688
0
0.00617621
8.66994e-05
6.30606e-05
0.00179078
0.000213929
0.000300648
0.000435909
5.04507e-05
0.0012782
0.0018788
3.70472e-05
0.000132303
0.000737374
9.86831e-05
9.75355e-05
0.000113099
0.00191433
0.000160087
2.16092e-05
2.33879e-05
0.0017867
0
3.19403e-05
9.92346e-05
0.000972863
0.000281704
0
0.000166754
0.00126941
4.34829e-05
0
0
0
6.77059e-05
0.00388207
0.000572717
2.45398e-05
0.000131734
4.62273e-06
0
0.0023013
0.000489179
0.000148467
0.000558597
0.0026908
0.000219828
0.000115746
0
0.000732278
4.61251e-05
0
0
0.000261895
0.000441971
0.00552648
0
0.000513292
0
0
0
0.000367428
0.000959232
4.13551e-05
4.309e-05
4.10362e-05
7.98221e-05
0.000212457
0
2.11502e-05
0.00020029
0.00633681
2.91993e-06
1.98176e-05
0
0.00920168
5.00532e-05
0.0048755
0.000906826
0.000601113
0.000294378
0.000286267
0.00118231
0.00600558
0.00105003
0.000702396
0.000839574
0.00104094
0.0059743
0.00151683
7.52344e-05
0.000961165
0.00034697
1.66197e-05
0.000795048
0.00315408
0.000298578
0.000160124
0.00447716
0.000422114
0.000211045
0.000727321
0.00194882
0.000266628
0.000792896
1.37473e-05
0.000304681
4.64704e-05
0.000201265
0.000874372
0.000427379
0
0
0.00163959
3.49174e-05
5.78135e-05
0.00343603
0.00290935
4.41535e-06
0.00063528
0.000584008
0.000202328
0.000816465
5.91377e-05
3.14722e-05
6.46926e-06
0
2.9057e-05
0.00258587
7.29238e-05
0.00251385
6.74008e-05
0
0.000175757
0.00223838
2.54621e-05
0
0
0.000213863
0.00311101
0.00126567
0.00181501
0
0.000159271
0.000196702
2.23774e-06
0.00177376
5.24521e-05
0.000162246
0.000569532
0.000101525
0
3.77018e-05
0.00208532
0.00928872
1.93011e-05
4.24046e-06
7.18036e-05
0.000223079
0.000977665
0.00228617
0.000457484
0.000319045
4.70241e-06
0.000502189
6.24914e-05
0.00042201
0.000289503
0
0.000114607
0.000176123
0.000299638
1.47248e-05
0.000220679
0.000105191
0.000195052
0.0078691
0.000155274
6.13556e-05
0.00110822
0.000187565
0.000118749
0.00992742
0.000342327
0.000706425
0.000866026
0.000157886
0.000960427
0.00054173
9.0701e-05
0
0.000567588
0.00528846
0
0.00141135
0.00055678
0.000102666
0
0.00737023
0.000173376
2.12294e-05
0.00556025
0.000540238
1.11562e-05
0.000999111
0.000332776
0.000128915
0.000619295
0.00320179
0.00209334
0.00122017
6.83789e-05
0.00111815
0.000532881
0
0.00847892
0.00431978
0.000974496
0.000439105
0.000431832
0.00140232
0.00119708
0.000438448
0.000795045
0.00180701
0.000303921
0.000334768
0.00186095
0.000193196
0.00304884
0.00058328
0.000409538
0.00222091
0.000861537
0.000540621
0.00157974
0.00149023
0.000366229
0
0
0.00021221
5.12394e-05
0.000658742
0.00193496
0.000167361
0.000440554
0.00248053
0
0.00119428
1.84889e-06
0.0001462
0.00175215
2.56183e-05
0.000345062
0.00122241
0
0
9.36403e-06
1.07629e-07
0
0
1.77989e-05
0
0
0.000893262
0.00229868
5.9881e-05
1.76161e-05
0.000240995
0.003408
0
5.69297e-06
0.00611886
0.000370959
0.000249531
0.000135015
0.000176317
0.000100682
0.000408453
0.000414269
0.000101636
0.000589608
0.00235998
0.000703711
0.000140173
0.000168731
0.000224633
0
0.00150546
0.00300486
4.06948e-05
5.70739e-05
4.76114e-05
5.38666e-05
0.00185507
2.55665e-05
5.07022e-05
3.22657e-05
0.00334875
0
0
7.62455e-05
0.000478002
0.000108264
0.00129715
0.000265793
7.24006e-05
0.000793733
0.0012724
0.000847751
0
0.00143072
0.000280542
0.000415844
0.00282822
0.000751666
8.80521e-05
2.32196e-05
0.00893938
0.00016836
0.000497902
0.000805185
0.000175573
6.67991e-05
0.000517916
0.000155934
0.000283891
0.00443593
0.000263117
0.00105443
0.000691082
0.000421841
0.00194189
0.00017762
0.000364557
0.00178262
0.00358884
0.00010434
0.00358274
0.00128705
0.000593965
0.000616649
0.00583405
0.00018494
0.000191869
5.85353e-05
0.00303052
0.000288211
0.000187829
2.86498e-05
0.00308741
0.000225087
0
0.00214619
0.0010966
0.00159189
0.00189752
0.000154004
0.000106599
0.00206249
0.000395721
0.00211562
0.000637403
0.000226244
5.06857e-05
0.000329534
0.00103787
0.000498033
0.00104786
0.000838779
0.000440109
0.000124498
1.42221e-05
4.89833e-05
6.76153e-05
0.000444198
0.00026581
0.000995096
2.44939e-05
0
0.00304682
0.00615847
1.71919e-05
0.00168162
1.17735e-06
0
0
0.00271665
0
0.00359606
4.49609e-05
1.27715e-05
0.000222522
0
1.0447e-05
1.69618e-05
0.00345256
0.00101566
2.18582e-05
0.000667456
7.08771e-05
0.000260709
5.02256e-05
0.00126326
3.65337e-05
0
1.86067e-05
0.000669168
0.00309031
0.000207109
0
0
0
3.65859e-05
0.00132151
5.32757e-05
0.000267874
0
0
0.00167231
0.000685324
3.13714e-05
0
0.000568927
1.12694e-06
0.00131088
0.000637155
0.000989071
9.65323e-05
0.000102555
0.0015608
0.00012091
5.26777e-05
1.27809e-06
0.000139187
0.000192905
0.000207937
0.00142586
4.36388e-05
0
0.00289695
5.25038e-05
1.35813e-05
8.72765e-05
3.19511e-05
0.000173173
0.000177334
0.00032549
0.00336158
0.000272316
7.90624e-05
0.000350916
7.21444e-05
0.0011869
0.000320123
0.00024374
0.00328972
0.000300803
9.05897e-05
0.000707673
9.63541e-05
0.00957482
0.00051515
1.12598e-05
4.33484e-05
0.000880439
3.40267e-05
0.000794878
0.000141222
0.000480729
2.6853e-05
0.000347224
0.00575756
0.00162785
0.000536343
0.000443785
0.00411529
0.000888502
3.28405e-05
0.000418138
0.000313689
0.00218366
0.00105052
0.00366207
0.000149268
0.00233344
0.00157837
0.00343226
5.87934e-05
0.00120759
8.92875e-05
0.000766121
0.000100001
0.00240881
0.00017196
0.00148976
0.000944189
0.00183911
0.00291108
0.000321909
0.0043375
0.00598518
0.00319647
0.00177214
9.81339e-05
1.9795e-05
3.81989e-05
0.00594983
0.000463562
0.000268098
0.00193342
0.00119146
0.00024507
0.000332477
7.65665e-05
0.000117084
0.00475335
0.00269378
7.60415e-05
0.000158085
2.72849e-05
0.000269923
0.000301368
0.000709495
0.00125919
9.73856e-05
0.00328959
7.21099e-05
9.76695e-05
0.000623583
8.65725e-05
5.07179e-05
4.37248e-05
2.61616e-05
0.000126643
8.49003e-05
2.92109e-05
0.000202246
0.000508373
2.57216e-05
1.97761e-05
0.000173994
0
0.000282137
0.0002561
8.3052e-05
0.000202232
0.000449754
0.00148651
0
8.22128e-05
0.00019396
0.000315265
0.00109324
0
1.70396e-05
0
3.27684e-05
0.0023943
0.000244265
0.000350564
0.000103264
0.00204982
0.000136898
0.00151617
0.00480782
3.47112e-05
0
0.00149021
0.000164404
8.26168e-05
0.000546132
0.00455753
0.000278726
0.000713515
0.000139717
0.000369158
0.00166113
0.00183413
0.000711731
0.00689081
0.000172056
0.00764515
9.56242e-05
0.00179418
0.000324852
0.00159121
0.00223631
0.000558024
0.00140203
0.000728318
0.000940868
0.000134486
0.000859177
0.00154135
0.00246204
0.0021596
0.000844605
0.00226207
0.00486804
0.000748718
0.000903049
0.000262256
0.00408242
0.000380693
0.00532888
3.94612e-05
0.00262858
0.000518996
0.00172529
0.000113712
0.000203225
0
0.00261965
0.00184916
5.99031e-05
0.0040373
0.000313557
0.000547779
7.13583e-06
0.00465781
0.00209397
9.84539e-05
5.29215e-05
0
0
0.00227989
0.000331511
0.000192613
7.57627e-07
4.02156e-05
0.000423963
0.000323804
0.0010061
0.000217073
0
0
8.91219e-06
0.001489
0.00131858
3.65978e-06
0.000388232
0.000265413
0.000301766
0.00037649
7.21289e-05
3.54953e-05
5.03235e-05
0.000425679
8.10227e-05
0.000221728
0.00531958
1.02474e-05
0
0
0
0
0
0.00653755
0.000124166
0.00174472
0.00100887
0.00208144
4.76478e-05
0
0
0
0
3.55451e-05
0.00521977
0.000688801
4.86998e-05
0.000801333
0.000506459
0.000943889
0
0
1.37074e-05
0.00341148
0.000301076
0.000126387
0.000227144
0.00047983
1.90309e-05
6.24858e-06
9.9303e-05
8.7748e-06
3.903e-05
0
6.20152e-05
0.000187871
0.00169777
2.99487e-06
1.48641e-06
0.000637107
0.00190887
0.000104104
0.00320536
2.58077e-05
8.61083e-05
5.47607e-05
1.19195e-05
0.00012307
0.000153674
0.00304016
5.73485e-05
8.49749e-06
0.0012908
0.000102664
0.000346416
0.00053088
0.0015438
0.00102645
0.000840354
0.00128109
0.000625675
0.00132105
0.000285146
0.000246789
0.000869207
0.00629921
0.000986305
0.00160317
0.00344535
0.000275072
0.000770318
0.00232459
0.000153675
0.00524564
0.00893494
0.000675464
0.000334186
0.000853418
0.00307047
0.00509223
0
0.000738336
0.00109415
8.04176e-05
0.00138726
0.00359873
6.12867e-05
0.00124498
0.000147842
0.000106642
0.000307062
0.00172087
0.00011109
0.00125125
0.00262411
0.00264758
0.000166411
0
0.000148473
0.00124342
0.000103265
0.000635712
0
1.61155e-05
0.00231255
0.000297029
1.82177e-05
0.000238375
2.9888e-05
0.000106024
0.000479319
0.00210197
5.45341e-05
0.00331606
0.000234893
0
5.377e-05
0.0015007
0
0
0.000201917
2.71593e-05
2.97125e-05
0.000751592
0.000203228
0.00120138
0.000140322
0.000101021
0
6.79814e-06
2.42787e-05
0
0.000164244
0.000282359
9.25981e-05
0
7.26419e-07
0.000380883
0.000463304
0.00410458
0.000400102
0.00141253
0.000123513
0.00150808
0.00078552
0
0.00115276
0.000135989
0.000726664
0.000809013
0.000364769
0.000178947
0.000170671
0.000772537
5.96204e-05
0.00460342
0.00146389
0.00107965
0.00296414
0.000906095
0.00285842
0.00145181
0.00012119
0.000523806
0.000825204
0.000827153
0.000215797
0.000264879
8.00825e-05
0.00147409
3.50839e-05
0.000567931
0.0011077
0.000845483
0.00445239
0.000357754
0.000427331
3.52231e-05
0.00074648
0.000975125
5.49498e-05
0.000274377
7.23405e-05
9.86635e-05
0.000182572
0.000797226
0.00144453
0.000115765
3.15548e-05
0.000388194
0.000763255
0.000550162
0.000479079
0.000815791
0.000373729
0.000573316
0.000164977
0.000437111
0.000615285
0.000373509
0.000853426
0.00117298
0.00306677
0.00225126
0.001985
0.00241016
0.000123052
0.00298667
0.000363487
8.83933e-05
0.000385789
0.000161468
0.000986552
0.000108001
0.000249009
0.000253871
0.000420566
0.000147715
6.58092e-05
0
0
7.34144e-06
0.00141278
0.000795624
0.00282434
0.000172538
0.0047357
0.000309992
4.48184e-07
5.28766e-05
4.56099e-05
0
7.47175e-05
0.00048218
0.00159601
9.4449e-05
3.61243e-06
0.000340325
0.000102712
1.935e-06
0.00177012
0.00125402
0
0.00426826
0.00106281
0.000105383
0.000480141
0.000783758
9.28067e-05
0.00215147
5.11664e-05
0
1.61302e-06
0.00139318
0.0002277
0.000266344
0.000288918
0.000124089
0.00430462
0
0.00760576
2.21919e-05
8.20213e-06
0.00196836
0.000886716
2.73658e-05
1.10984e-06
0
0.0105653
0.000239033
0.000110469
0.0122049
4.13398e-05
0.000383444
7.69423e-05
0.00210619
0.000162913
0.000119167
0.000979362
9.8504e-05
5.49482e-05
0
0.000596897
0.00208583
0.00134955
6.48292e-05
0.000479855
0
0.000113379
0.000158961
2.56281e-05
2.33766e-06
0.000115857
0.000547359
0.00219091
5.31611e-05
0.000497561
0.000220434
0.000238316
4.84202e-05
2.48648e-06
0.00531192
7.09639e-05
0.0011494
4.37884e-05
0
0.00221047
0.00447568
0.000639144
0.000973298
0.000236023
0.000574538
0.000290622
0.000168483
0.000107522
0.00491699
0.00211161
0.000465533
0.00344769
0.000293128
0.000563082
0.000641306
0.000393887
9.62693e-05
0.0017408
8.26395e-05
0.000192748
0.000882575
0.00108761
0.00130334
0.000393402
0.00024139
0.000183698
0.000410509
0.00016136
1.40944e-05
0.000261586
0.00629681
0.000289412
3.23444e-05
0.00019434
0.00437963
0.00174012
0.000549466
0.00473607
0.000342381
0.000116244
1.4352e-05
0.000895276
0
2.30302e-05
0.000148246
7.65085e-05
0.00094281
0.00437621
4.22575e-05
2.50434e-05
0.000702965
0.00191246
0.000163882
0.00137531
0.000971355
0.00700004
8.7313e-05
0.000204036
0.0001731
0.00200691
0.000455777
0.000235352
0.00237126
0.000456068
0.000131555
0.000152996
1.18181e-05
0
1.25635e-05
2.77634e-05
0.00306284
8.90038e-05
4.98436e-05
0.00055669
1.81933e-05
6.50377e-05
0.00145002
0.000709043
0.00742804
0.00690155
0.980465
0.999401
0.991193
0.998383
0.999783
0.999929
0.999951
0.999855
0.999844
0.997428
0.997319
0.991192
0.998633
0.992094
0.019507
0.00825739
2.21525e-05
2.24202e-05
0.000487422
0.00117291
0.00153831
4.44701e-05
4.30716e-05
8.7132e-06
0.000152637
0.000412894
0.000279233
0.00753727
0.00100391
0.000413068
0.000680359
9.87608e-05
0.000117502
6.65896e-05
5.77033e-05
0.00111737
0.000596497
0
3.12407e-05
5.75186e-06
0
0.000124884
0.0048519
0.000139335
0.000457896
0.00120138
0.00239609
0.000515304
0.00262717
0.000735909
0.00247954
0.000138319
0.000938845
0.000652278
0.00100257
9.44791e-05
7.57015e-05
0.000103452
0.00805907
0.000169861
0.00119259
0.000851844
7.32447e-05
1.15566e-05
0.00563476
0.000293954
0.000232376
0.000599564
7.71378e-05
0.00116541
5.01253e-06
0.000248972
0.00380564
0.000800655
0.00623843
0.000196139
0.000737252
0.000706686
6.73187e-05
0.000561895
0.000141831
0.000301066
0.000371078
0.000143128
0
0.00106539
0.000200018
0.00125163
0.00206459
0.000129175
0.0015999
0.000837076
1.60574e-05
3.74116e-05
0.000941667
0.00036437
9.59171e-05
0.00121917
0.000435878
2.82173e-05
0.00171768
0.00126517
0.000137272
7.41088e-05
0.000324945
0.00101115
0.00166328
0.000334594
5.65529e-05
6.47442e-05
0.0011465
0.00011133
0.000279796
0.000249432
0.000281325
0.000112942
0.00375603
0.000504245
6.63034e-05
0.0130027
0.00286869
0.995014
0.998743
0.999699
0.999783
0.999561
0.999662
0.999424
0.999469
0.99962
0.996361
0.999652
0.988938
0.99761
0.994889
0.994802
0.999504
0.999803
0.999579
0.999755
0.999833
0.999618
0.99951
0.977244
0.998434
0.997255
0.999317
0.998841
0.990641
0.0167882
5.4038e-05
1.78871e-05
3.03882e-06
0.00264409
0.000265422
0.00117009
0.00166523
8.40642e-05
4.03906e-05
0.002475
0
0.000156901
0.00517747
0.000299697
0.000257285
0.00129968
0.00525118
8.663e-05
0.000241953
0.00259506
0.000870886
0.00110493
0.00349325
0.000110081
0.000150137
0.000213948
0.000664527
6.55088e-05
0.000497818
5.67783e-05
6.73231e-05
0.00345539
5.48649e-05
0.000815445
9.40371e-05
0.00200558
3.703e-05
5.81664e-05
0.000370829
0.00341783
0.00150483
0.00163844
0.00485364
0.00214005
0.000497715
0.000216712
0.00143739
0.00361791
0.000146916
0.00331626
0.00187036
0.00103643
0.000566297
0.00263987
0.000182934
0.00214696
0.00185372
0.000197398
0.000329227
0.000187953
0.000611676
0.000103447
8.45889e-05
0.000223036
0.0068274
5.28161e-06
9.61603e-05
0.00260547
6.21211e-05
0.000105841
0.00252844
0.000192862
0.00350807
4.61628e-05
8.27982e-05
2.54299e-05
0.0004003
0.000183923
0.00158719
0.000123531
5.97399e-05
0.00113946
0.000439555
0.000124718
0.000414869
3.36996e-05
0
3.23438e-05
0.000616554
9.95068e-06
5.67209e-05
0.000615285
0.00275134
0.00371024
0.985908
0.999532
0.999749
0.997613
0.998063
0.995733
0.998262
0.998654
0.991115
0.999244
0.971491
0.215916
0.180911
0.207381
0.214866
0.210693
0.210113
0.204641
0.204198
0.212169
0.201805
0.19248
0.19844
0.198161
0.200138
0.191055
0.205748
0.205614
0.21749
0.993298
0.997213
0.99951
0.999635
0.98969
0.997842
0.997782
0.999596
0.98969
0.00447777
0.00630293
5.68588e-05
0.000405987
0.000234209
0.000619087
5.66345e-05
0.000694713
0.000753143
0.000408728
0.00123033
0.000992082
0.00372014
0.000230685
0.000336099
3.20895e-05
0.00168905
4.87319e-05
0.000116461
0
7.02235e-05
0.00160735
0.000846709
7.34373e-05
0.000489645
0.000605632
0
0.00371207
0.00140873
6.50268e-05
8.70758e-05
0.00140805
0.000462315
0.000135893
3.67137e-05
2.47309e-05
0.00110932
0.000360447
0.000138501
0.00322636
0.00135894
0.000374129
0.000625208
0.000392236
0.00184489
0.000161856
8.54678e-05
8.15018e-05
7.65624e-05
9.64025e-05
0.000846185
0.00204799
0.000987533
0.00022619
0.000535746
0.00487188
0.000331608
0.000683999
0.00811256
0.000397098
0.00167239
0.000189936
0.000216236
0.00327648
0.000153536
0.00348313
0.000536627
0.000148755
0.00070218
0.000252304
0.00118758
1.60422e-05
0.00124618
5.20474e-05
0.00110465
0.000293343
3.10107e-06
3.10107e-06
0.000110433
0.001608
0.00172271
7.80882e-05
0.00178949
0.000114706
0.000339506
0.0021628
0.00130059
0.99973
0.999595
0.997234
0.999598
0.999642
0.99906
0.999213
0.987984
0.219105
0.201452
0.215697
0.191382
0.220259
0.208682
0.191659
0.226631
0.183707
0.189768
0.181408
0.181354
0.19672
0.207215
0.187246
0.191637
0.202084
0.198968
0.21312
0.197528
0.208113
0.190584
0.183187
0.194772
0.20624
0.201575
0.200528
0.200582
0.218265
0.213358
0.992281
0.997836
0.994863
0.999464
0.998835
0.998444
0.00575711
0.00200003
0
7.91217e-05
0.0004374
0.000654241
0.000257598
0.000507241
0.000171573
0.000167952
0.000466173
0.00722644
0.000201206
0.0023211
0.000480792
2.65283e-05
0.000193935
0.000151512
0.000413315
0.000141221
0.000364776
0.000322528
0.00199866
0.000193234
0.000298168
0.000138939
0.00219101
0.000555017
0.000649024
0.000616574
0.00427935
0.000248559
0.000430248
0.000303566
0.000447568
8.38878e-05
0.000817087
0.000318132
0.00396314
0.000722787
0.00021868
0.00934797
0.00107231
0.000130863
0.000210696
0.000648949
3.51264e-05
6.35416e-05
0.00418559
8.79076e-05
6.69518e-05
0.000142585
0.00572436
0.00141365
0.000189509
0.000208766
0.00042445
0.000206681
0.00160788
0.000289291
5.18638e-05
0.00120691
0.000234938
0.00411218
0.000250999
0.000163852
0.000858511
0.000315779
0.0025576
0.000726281
0.00015756
0.000282579
0.00153078
0.00159605
0.0001617
2.49337e-05
3.0663e-06
5.21249e-05
0.00268396
8.88275e-05
0.00807481
0.991236
0.999653
0.999566
0.999571
0.991134
0.996535
0.997566
0.222204
0.178655
0.222197
0.197911
0.199886
0.184907
0.196711
0.187498
0.184833
0.201452
0.190064
0.205407
0.197089
0.212568
0.214713
0.220102
0.198638
0.194582
0.206565
0.19964
0.213918
0.183594
0.205416
0.181265
0.217634
0.203802
0.215651
0.190892
0.209414
0.199915
0.202286
0.206775
0.171545
0.189724
0.193704
0.214615
0.192218
0.230218
0.966066
0.999549
0.997415
0.999669
0.987393
0.0190637
0.000125319
7.64919e-05
4.51696e-05
9.26462e-06
0.0026874
0.000178536
3.10774e-05
0.00489516
2.11155e-05
6.89877e-05
0.0010009
0.00782976
4.75688e-05
5.74168e-05
0
6.52266e-05
0.000425087
0.000111744
0.00105556
0.00261085
0.000381207
0.00227788
0.000103979
0.000835486
0.00247045
0.00017927
2.93785e-05
0.00153328
0.000625437
0.000297211
0.000961822
0.000477373
0.00054702
0.00170963
0.00149305
0.000388502
5.47581e-05
0.000146339
9.76385e-05
0.010469
0.000322487
0.00091215
0.0051674
0.000101355
8.83289e-05
0.000107526
0.000105023
0.0034569
0.000285914
0.000524351
9.23467e-06
6.07621e-06
0.000381195
3.68023e-05
0.00616005
8.38736e-05
5.81617e-05
0.00044324
0.000426125
0.00104783
8.94274e-06
0.000929233
0.000410516
0.000136228
0.000242291
0.000608033
1.47227e-07
1.47044e-05
0.000197662
0.000331964
0.000144963
0.000216947
0.000127091
0.00152534
0.997149
0.99923
0.994395
0.999487
0.999416
0.998489
0.999511
0.205555
0.211457
0.19403
0.187432
0.19653
0.193179
0.18423
0.203442
0.211784
0.196345
0.219122
0.206473
0.206197
0.186668
0.207613
0.198284
0.195082
0.192577
0.189326
0.199976
0.200617
0.204403
0.184846
0.20399
0.193982
0.198429
0.215889
0.184741
0.189495
0.19845
0.196587
0.192053
0.1992
0.197551
0.193782
0.216887
0.21752
0.21004
0.192107
0.192423
0.185927
0.205143
0.20654
0.200873
0.206266
0.997285
0.995695
0.99248
0.993169
0.00660713
0.000886744
0.00065312
7.26825e-05
0.000207205
2.70012e-05
0.000715996
0.000113204
2.6305e-05
5.48033e-06
0
2.37163e-05
0.000522786
0.000164868
0.00132365
0.000242417
0.000328771
7.61562e-05
0.0014468
0.000139445
0.00236079
0.00330873
0.00109817
3.28435e-05
8.71766e-05
2.87604e-05
5.82282e-06
0.00074079
0.00198148
0.0006719
1.88168e-06
0.000412526
0.0056518
9.42805e-07
0
0.00292848
0.00031515
0.0012787
0.00178111
0.00079693
0.000376597
0.00621033
0.000157518
0.000138393
0.000859987
0
0.000962538
9.10649e-06
0.00011341
0.000319979
0.000349857
6.32731e-05
0
0
0.000293918
0.000447727
0.000121334
2.57721e-05
6.71612e-05
0.000121771
5.16617e-05
0.00211814
0.000623756
0.00422432
0.000101433
0.000403282
0.000191951
0.0047931
0.000900289
0.00624411
0.999616
0.999642
0.999616
0.997885
0.999317
0.99315
0.22271
0.178758
0.203614
0.176677
0.205718
0.188984
0.204148
0.209209
0.199515
0.202121
0.196054
0.191923
0.209117
0.188535
0.185922
0.22168
0.193579
0.209941
0.170135
0.214019
0.197205
0.207902
0.204056
0.204316
0.195337
0.20179
0.206762
0.206356
0.193325
0.207022
0.198779
0.20759
0.187585
0.210707
0.201919
0.193768
0.197992
0.205879
0.189025
0.191852
0.177786
0.210838
0.201755
0.212785
0.19834
0.204749
0.19043
0.209958
0.196666
0.20891
0.993308
0.999587
0.999717
0.999063
8.25282e-05
9.21325e-05
0.00038743
5.56997e-05
8.78127e-05
0.000244651
0.00621342
0.00013738
0.000924761
9.50279e-05
0.00200973
0.000933683
0.0028685
0.0001019
0.00038837
5.46764e-06
0
0.000236389
0.00105242
0.000226089
5.39066e-05
0.00125278
0.000370322
0.00015333
0.0045586
0.000246246
1.70012e-05
0.000308104
0.000275609
0.00210322
0.000552098
0.000307484
0.000259664
8.75602e-05
0.000184275
0.00125536
0.000733293
0.000124768
0.000263009
0.000806775
0.000183769
7.59652e-05
0.000553208
0.00167015
0.000111197
0.005611
0.00232606
0.00085913
0.0015138
0.000102999
5.36072e-05
0.00328457
6.37089e-05
4.36893e-05
0.000625959
0.00055983
0.000334116
0.000271854
0.00271971
5.84327e-06
0
1.06895e-05
6.28951e-05
0.00423363
0.000599637
0.0120766
0.990963
0.999901
0.999416
0.988906
0.993211
0.988981
0.209919
0.196184
0.19
0.208442
0.214913
0.215141
0.196784
0.202772
0.204146
0.198387
0.201993
0.210464
0.189019
0.209421
0.198204
0.201766
0.205973
0.184824
0.202722
0.205631
0.189837
0.206513
0.194137
0.197037
0.203989
0.193582
0.198472
0.197171
0.199447
0.186614
0.205413
0.187276
0.213583
0.191968
0.203616
0.197998
0.2032
0.190386
0.208127
0.201077
0.202402
0.196431
0.225024
0.196069
0.197534
0.197398
0.200108
0.186934
0.215868
0.181648
0.206726
0.185172
0.230447
0.175094
0.224503
0.983146
0.999445
0.998344
0.0116468
0.0002602
0.00131124
2.36063e-05
2.67506e-05
0.00147611
0.00149677
0.00489508
0.0017706
0.000133653
0.000637658
0.00357765
7.92444e-05
8.46725e-05
3.23086e-05
2.27712e-05
2.74003e-05
0.000656294
0.00273601
0.000696887
0.000677988
0.0011693
0.0020296
0.000592962
6.26174e-06
2.20394e-05
0.000485449
0.000847678
0.00203335
0.000437806
0.000123861
0.00359937
0.00103575
0.000642799
0.000206042
0.0003506
3.88795e-05
0.00304493
5.89077e-05
0.00405215
0.000121655
0.000355548
0.00144943
7.04411e-05
0.000539697
0.00244938
0.00176864
0.000310814
0.000425083
0.000431738
3.48824e-05
1.91351e-05
0.00212571
0.000907979
0.000376629
4.36564e-05
0.00198105
0.000142699
0.000141614
1.53238e-05
1.98312e-06
0.000455673
0.995566
0.998304
0.994063
0.999266
0.98541
0.237348
0.187693
0.208857
0.20115
0.198919
0.208774
0.183258
0.193508
0.202812
0.18616
0.194038
0.209569
0.192268
0.201572
0.185258
0.217892
0.190818
0.211078
0.191116
0.194957
0.210386
0.186519
0.216827
0.200261
0.205775
0.212138
0.217423
0.185107
0.204626
0.206481
0.204681
0.210993
0.197759
0.225276
0.193575
0.198628
0.189535
0.215513
0.194678
0.195469
0.201598
0.201749
0.202699
0.188483
0.208402
0.178787
0.200882
0.205821
0.18222
0.216023
0.186905
0.209101
0.208076
0.207905
0.176656
0.199946
0.196103
0.207302
0.186169
0.233291
0.972348
0.999465
0.984606
0.00251239
0.00139769
0.000385139
4.55012e-05
5.40073e-05
2.42154e-05
5.64785e-05
0.00185489
0.00109446
0.000160013
0.000116499
0.00215042
0.000219422
0.000110973
0.000654875
0.000212932
0.000672795
0.00315521
0.000713481
0.000613162
0.000466507
0.000336353
9.20647e-05
0.00045151
0.00358688
0.000464471
0.000895223
0.000278226
0.000767582
0.000408566
0.0023236
6.70742e-05
0.00014357
0.00124099
0.000179192
0.000325286
0.00162358
8.64919e-05
0.000139988
0.000980976
0.000225166
0.000352365
0.000839349
0.000172777
0.000668519
0.000476478
0.000185693
0.000447532
0.000675756
0.00255212
0.00250771
0.00247732
0.00166427
0.000633491
0.000128413
0.000114317
0.000249716
0.000789985
0.992946
0.998675
0.999549
0.999874
0.993618
0.230336
0.181158
0.197984
0.194774
0.205114
0.178449
0.197926
0.20383
0.220617
0.194594
0.192971
0.21826
0.198068
0.206473
0.186601
0.207277
0.197683
0.202206
0.199302
0.196186
0.201859
0.208881
0.184879
0.212813
0.182246
0.201655
0.177351
0.188055
0.197839
0.195968
0.20204
0.188675
0.192419
0.189198
0.191751
0.186691
0.195549
0.19954
0.209738
0.201479
0.195246
0.200825
0.204174
0.190416
0.186785
0.213611
0.190506
0.222602
0.196476
0.198789
0.226711
0.184254
0.199888
0.185196
0.197503
0.1937
0.220725
0.206581
0.204691
0.206757
0.194627
0.197428
0.185277
0.229816
0.98759
0.99976
0.996353
0.0108037
0.000115701
0.00124517
0.000315391
0.000379185
0.000112632
0.000587287
0.00158614
0.00297554
0.000203187
0.000395062
0.00636503
0.000494572
0.00257436
0.00215246
0.000745426
0.000746623
0.000409605
0.000932357
0.000733112
0.00305567
0.00499253
0.00032952
0.00232915
0.000158488
0.000223993
0.000470021
0.000446263
0.000255638
8.55711e-06
3.43026e-05
0.000337655
0.000370086
0.000327439
0.00209134
0.000189555
0.00332311
6.31173e-05
0.000448972
0.00206275
2.47802e-05
1.32248e-05
0.00060054
0.00478624
0
8.87951e-05
5.64403e-05
4.32903e-05
0.000175301
0.000141566
0.000432897
0.000254834
0.000124406
0.00336132
0.996444
0.999716
0.999722
0.999736
0.99803
0.979571
0.195232
0.189752
0.205667
0.198419
0.207072
0.204822
0.207138
0.214374
0.17983
0.196955
0.205581
0.206095
0.17871
0.187359
0.1899
0.226439
0.179878
0.204148
0.199468
0.200012
0.207969
0.193898
0.204093
0.207332
0.206497
0.207584
0.200323
0.205562
0.222228
0.199283
0.205524
0.194207
0.208493
0.199732
0.22093
0.198114
0.214365
0.207831
0.197003
0.214473
0.175439
0.208784
0.200253
0.212989
0.201569
0.21304
0.188541
0.204373
0.190357
0.20221
0.192157
0.192583
0.200564
0.204135
0.21424
0.19847
0.195801
0.186057
0.19702
0.185395
0.1903
0.203886
0.183544
0.215447
0.195586
0.192541
0.207525
0.999492
0.999817
0.992782
0.000815314
7.6667e-05
0.000180124
7.02523e-05
0.000206655
0.000464683
5.7062e-05
0.00205352
0.00124934
0.000442712
0.00194801
0.0014111
0.000506735
0.000112165
0.00017963
3.9944e-05
1.88011e-05
0.000388821
4.0051e-05
0.000183712
0.000161333
5.60537e-05
0.000157386
0.000145393
0
0.00494135
2.66491e-05
0.00252206
0.00425526
0
0.00152113
7.9342e-05
0.000460706
1.839e-05
4.73246e-05
0.000537703
0.00024726
0.00198745
9.53364e-06
3.47291e-05
0.0018488
0.00174589
0.000102349
0.000119087
5.36655e-05
2.48494e-05
0.00014168
1.56464e-05
3.93852e-05
6.42191e-05
0.0031574
0.999572
0.999753
0.999806
0.99986
0.991671
0.21163
0.20438
0.220709
0.18451
0.210363
0.190371
0.20821
0.184417
0.207496
0.191475
0.214484
0.197443
0.195441
0.201894
0.208449
0.211709
0.202528
0.189141
0.217806
0.186607
0.206645
0.190713
0.195679
0.213586
0.187641
0.184143
0.201625
0.182012
0.208488
0.186654
0.205702
0.190626
0.200712
0.196592
0.197076
0.196971
0.180563
0.196589
0.189261
0.200282
0.196445
0.193674
0.213485
0.191112
0.20407
0.188334
0.196857
0.185717
0.196217
0.211845
0.191312
0.214366
0.193485
0.216008
0.196907
0.206073
0.194257
0.202545
0.196302
0.204385
0.205302
0.202628
0.215687
0.196045
0.207687
0.186694
0.190377
0.228975
0.182017
0.20909
0.991565
0.999401
0.999204
0.00297419
1.82746e-05
2.83843e-05
0.000128343
0.00150151
0.000459693
0.00238662
0.000468219
2.10389e-05
0.000444699
0.000140731
0
0.00208101
0.00150026
3.66835e-05
5.45334e-05
1.38052e-05
0.000649783
0.000459435
4.22965e-05
0.000192354
8.46878e-05
0.00396397
0
0
0.000502707
0.00441572
0.000451958
0.000403227
0.00419613
0.00280739
0.000345279
0.000430253
0.000151659
0.00206374
0.00041111
6.9472e-05
0.000382585
0.00330439
0.0035744
0.000882247
0.000112677
0.000209205
0.00309958
0.000942139
0.000151231
3.51116e-05
0.00686636
0.998923
0.998417
0.998989
0.998816
0.996536
0.215295
0.191225
0.200571
0.197915
0.191032
0.186361
0.190485
0.197491
0.200782
0.209327
0.202941
0.177486
0.202501
0.188041
0.216871
0.192718
0.201964
0.187111
0.216935
0.196088
0.195105
0.220594
0.195077
0.206977
0.189022
0.195347
0.206326
0.209052
0.204338
0.203123
0.213309
0.192357
0.188898
0.213196
0.200424
0.199919
0.20582
0.208647
0.205543
0.210205
0.202667
0.206645
0.198376
0.202559
0.193081
0.196716
0.214008
0.202798
0.201991
0.211664
0.195254
0.199515
0.189754
0.212874
0.194759
0.21907
0.169963
0.209324
0.19833
0.205018
0.200247
0.17897
0.198088
0.19585
0.206748
0.195041
0.192904
0.222876
0.189346
0.191347
0.198491
0.198058
0.19273
0.214224
0.997477
0.999738
0.998432
0.00021902
0.000727024
0.000156865
0.000145354
0.000199182
0.000446841
0.000614107
0.000102249
0.000400516
0.000320973
0.000710592
0.000142023
0.00211104
0.000177285
0.004365
0.000690669
0.000242738
0.00392784
0.000117147
0.00473109
0.000646383
0.00509959
0.00012895
0.000333696
0.00200167
6.46333e-07
0.00526079
0.00019274
0.002505
6.80139e-05
0.000203449
0.00531624
0.000614193
0.000938257
0.000604168
0.000325562
0.000148981
0.000114269
9.97359e-05
0.00257387
0.000225089
0.00375257
0.000430232
9.37553e-05
0.000753674
0.999689
0.999773
0.996394
0.999721
0.998865
0.202665
0.190012
0.206202
0.216291
0.187265
0.218954
0.200285
0.240688
0.177221
0.208776
0.188716
0.198072
0.208274
0.209609
0.204324
0.188078
0.206101
0.1977
0.19498
0.195519
0.196673
0.208978
0.18658
0.20454
0.198949
0.199936
0.192508
0.20304
0.189668
0.202418
0.195257
0.197158
0.202992
0.199387
0.191221
0.204203
0.199048
0.188327
0.206549
0.191072
0.195991
0.197059
0.197329
0.212059
0.199613
0.205837
0.203804
0.198234
0.201768
0.179882
0.207809
0.177406
0.215345
0.215391
0.187971
0.193048
0.181682
0.221764
0.207547
0.193654
0.199218
0.188227
0.24793
0.178214
0.218367
0.181733
0.213768
0.192916
0.196915
0.213966
0.194508
0.201955
0.193669
0.207201
0.178276
0.195926
0.996209
0.999505
0.994345
0.000309166
0.000662444
0.000614252
0.00191806
0.00620009
2.82662e-05
3.22e-05
0.000232451
0.000347618
0.00414185
0.0031322
4.10229e-05
5.13758e-05
7.52157e-05
0.000879441
9.75773e-05
0.00553631
0.000421917
6.32581e-05
0.000136161
0.00870838
0.000739287
0.000830495
0.000315118
0.000328667
0.000133906
3.23081e-05
3.47145e-05
0.000490716
2.63912e-05
7.3307e-05
0.000618939
0.000212786
0.000451974
6.60022e-05
0.000532575
0.00019117
0.00296756
0.000242028
0.000235696
0.000159976
0.00388416
0.000421241
0.999555
0.999565
0.995757
0.999759
0.987684
0.222826
0.178269
0.206154
0.195986
0.191167
0.188642
0.208693
0.17602
0.20551
0.193067
0.212192
0.205876
0.203248
0.19542
0.179956
0.202324
0.197366
0.199129
0.205698
0.207095
0.21117
0.190003
0.207309
0.195435
0.186071
0.215153
0.195025
0.201306
0.204922
0.214442
0.194977
0.204567
0.203261
0.203059
0.195675
0.209584
0.182545
0.217264
0.20065
0.210637
0.202139
0.208643
0.195223
0.2056
0.176059
0.21366
0.192342
0.204115
0.191136
0.205325
0.212193
0.198391
0.212153
0.191795
0.195117
0.193748
0.203462
0.20144
0.189779
0.200526
0.176805
0.212451
0.195746
0.191997
0.189227
0.20937
0.192584
0.214675
0.189788
0.214506
0.186388
0.201343
0.219948
0.18911
0.211428
0.205068
0.207325
0.194579
0.2148
0.998257
0.999113
7.55815e-05
0.000119076
0.000288741
0.000134294
8.46582e-05
0.00960511
0.000642338
0.000429753
0.00626661
3.27865e-05
2.12863e-05
3.37297e-05
0.000118301
0.00288535
0.00040071
0.000292643
0.000226314
0.000216016
0.000500874
0.000184354
4.46663e-05
0.00015151
0.000799514
0.000288028
0.000385982
0.000183614
0.000295903
0.00225181
0.000259886
0.000278995
0.00172857
0.00052248
0.0003334
0.000164384
0.00228657
0.000147759
0.00308644
0.00116281
0.000148939
0.000332072
6.67084e-05
0.999447
0.999744
0.999782
0.999561
0.203659
0.208386
0.189824
0.199479
0.210899
0.195254
0.208419
0.207357
0.199712
0.21044
0.204986
0.200028
0.209622
0.168527
0.216599
0.201185
0.215302
0.196819
0.210514
0.193236
0.195113
0.186696
0.196854
0.215186
0.189397
0.207395
0.20067
0.201502
0.206473
0.192721
0.192626
0.201853
0.20226
0.192404
0.205835
0.184593
0.206543
0.197708
0.207239
0.191017
0.19484
0.196331
0.192425
0.205463
0.188002
0.207326
0.205813
0.200079
0.201082
0.203298
0.190308
0.206491
0.202082
0.182949
0.2078
0.190742
0.199647
0.204956
0.209706
0.195082
0.198647
0.202337
0.218208
0.203383
0.186867
0.21184
0.188528
0.197852
0.202678
0.199578
0.195927
0.207014
0.199992
0.190942
0.205089
0.186673
0.194913
0.204711
0.203372
0.193564
0.196715
0.195488
0.994822
0.9997
5.35684e-05
3.34775e-05
0.000157236
0.00518083
0.000103457
0.000455882
7.12825e-05
0.000595066
0.000442762
0.000204882
0.00218442
0.00234921
0.000202239
0.000429995
0.000140213
0.000131415
0.000782322
0.000901373
0.00063693
0.00124905
0.000189172
0.00115707
0.00126135
0.000158422
0.000312362
0.000751333
0.000849535
4.69701e-05
0.000102218
0.0030097
6.10043e-05
4.7575e-05
0.000682491
0.00151336
0.00179685
5.77775e-05
0.000257379
0.00101326
0.00788207
0.999092
0.999136
0.9993
0.998669
0.197975
0.189356
0.21055
0.175229
0.20617
0.190348
0.198445
0.198204
0.186462
0.207687
0.181528
0.201693
0.186895
0.210066
0.214024
0.192425
0.197143
0.187954
0.196367
0.197576
0.204404
0.20845
0.228492
0.185901
0.198415
0.196552
0.190327
0.20939
0.186298
0.209499
0.200373
0.208345
0.202135
0.198197
0.202023
0.202795
0.204821
0.197294
0.198841
0.200109
0.20215
0.206639
0.200265
0.212961
0.185746
0.217711
0.199964
0.195208
0.208188
0.189102
0.198905
0.200088
0.199177
0.196198
0.201499
0.200051
0.19867
0.20575
0.196091
0.209274
0.170312
0.216286
0.18953
0.207479
0.192258
0.202858
0.210308
0.18727
0.213578
0.194413
0.201406
0.200269
0.189225
0.207218
0.210831
0.188592
0.202438
0.207541
0.19595
0.20068
0.203527
0.212012
0.201605
0.215593
0.998889
0.999085
0.000105528
0.000307549
0.00095102
0.000298232
0.000278238
0.000100306
0.000128941
0.00050533
0.00134644
0.00262649
0.00441863
7.58089e-05
0.000583261
0.00064097
0.00107399
0.00248506
7.74504e-05
0.000433559
0.00586327
0.000532048
0.000442308
0.000123959
0.00347824
8.15919e-06
0.000466935
0.000279127
0.00181333
0.00283914
0.00119508
5.10099e-05
0.00696464
4.1744e-05
0.00036972
0.000452065
0.000163639
4.25474e-05
0.999684
0.999633
0.999128
0.999558
0.994781
0.203087
0.204263
0.219893
0.187519
0.230201
0.201223
0.20497
0.198048
0.204237
0.199892
0.203037
0.208116
0.210843
0.204972
0.185324
0.199218
0.193087
0.211506
0.203618
0.197386
0.205416
0.196642
0.170483
0.200339
0.200435
0.200589
0.200147
0.0074045
0.00115319
0.00177868
0.182938
0.208452
0.189642
0.188312
0.200658
0.202488
0.186312
0.197729
0.202239
0.200741
0.213594
0.191324
0.210673
0.200561
0.192498
0.202139
0.192043
0.190841
0.203974
0.198365
0.190526
0.212947
0.204498
0.201588
0.193012
0.206569
0.209371
0.191124
0.192203
0.212499
0.193364
0.202349
0.186703
0.205824
0.196778
0.211462
0.193199
0.202561
0.204538
0.190809
0.205601
0.193363
0.199325
0.191758
0.191345
0.198153
0.197733
0.202371
0.203541
0.199734
0.197194
0.203589
0.180205
0.193948
0.1932
0.192811
0.997992
0.998496
0.999672
0.00501486
1.54748e-05
0.000317668
0
0.00399146
0.00229459
0.000821632
0.000142189
1.61983e-05
8.71143e-05
0.00198501
0.00109659
0.00138392
6.41796e-05
0.000378893
2.28333e-05
7.81529e-05
0.00172154
0.00040623
0.000431698
0.00128687
0.000242487
0.00025682
0.00424673
0.000567013
0.000498517
0.000188036
6.90241e-05
0.000546949
0.00241149
0.000434427
0.000119843
0.00075406
0.999499
0.999439
0.999595
0.999705
0.9996
0.199256
0.201191
0.184875
0.198309
0.184409
0.185273
0.205619
0.19314
0.201729
0.207604
0.19545
0.19406
0.179896
0.201552
0.19826
0.203787
0.204643
0.197561
0.193826
0.194586
0.194945
0.1943
0.0162262
0.00254931
0.00679085
0.000225904
0.00106407
0.000104253
4.82288e-05
0.00027119
0.000351989
0.0012379
0.00213275
0.000429395
0.00457327
0.000129044
0.00404799
0.00989648
0.00596305
0.190049
0.194949
0.194142
0.186212
0.201054
0.197468
0.201301
0.195914
0.196474
0.211536
0.189923
0.195242
0.216649
0.195192
0.199168
0.19931
0.206749
0.199706
0.198871
0.21101
0.198359
0.192748
0.194315
0.199692
0.198515
0.209059
0.209826
0.180233
0.212222
0.183242
0.210018
0.19624
0.19928
0.197455
0.204345
0.206594
0.210485
0.197525
0.196592
0.202914
0.199964
0.202211
0.18913
0.206235
0.189986
0.214628
0.201231
0.202274
0.220344
0.998034
0.999121
0.99892
0.000161336
0.000763365
0.00126156
0.00242857
0.00149111
0.00471965
0.000146699
0.00233345
0.0039338
0.000253941
0.00555163
0.000102432
0.000655776
4.0133e-05
0.00055865
0.000694308
0.000134923
0.00272621
0.000443208
0.000618511
0.000114808
6.99059e-05
0.000772409
1.99447e-05
0.000148501
0.000205256
0.00064368
0.000414771
0.000185222
0.000308141
9.35855e-05
0.00825228
0.998782
0.998241
0.998647
0.999502
0.195204
0.201735
0.20405
0.215999
0.20949
0.203151
0.21791
0.187652
0.203077
0.198665
0.180802
0.218704
0.204307
0.224729
0.173848
0.209632
0.197168
0.203916
0.201189
0.204534
0.202364
0.00234683
0.000330414
0.000881
0.000205987
0.000524965
0.000297264
7.67453e-05
0.000610997
2.94491e-05
2.1104e-05
0.00293571
0.00277307
0.00260781
7.41709e-05
0.000213389
0.000336619
0.00305196
0.000120996
9.98861e-05
0.0108735
2.19052e-05
0.000301174
0.0128756
0.203463
0.196753
0.194886
0.199652
0.205131
0.206807
0.196153
0.211854
0.195764
0.195894
0.202385
0.190346
0.200465
0.19763
0.197619
0.18776
0.204017
0.191039
0.214938
0.214162
0.207627
0.187166
0.196825
0.201331
0.191332
0.19928
0.192257
0.19154
0.225896
0.179196
0.204732
0.191306
0.180831
0.195754
0.212586
0.202524
0.193484
0.197318
0.198964
0.214223
0.193768
0.19939
0.188174
0.197351
0.193292
0.183132
0.998505
0.999528
0.000159587
0.000423519
0.00349611
8.8821e-05
2.98833e-05
2.98729e-05
0.000515469
7.98714e-05
0.00024996
0.00137229
0.000304018
0.00167904
0.000304015
0.00104057
0.000157926
0.0054672
1.77094e-05
0.00327498
9.27016e-05
0.000138668
2.15459e-05
0.00269436
0.00380905
0.000264626
0.0002169
0.000192139
0.00273626
8.2234e-05
1.74948e-05
0.000138577
0.000227604
0.997189
0.999047
0.999377
0.999293
0.200817
0.217011
0.193805
0.195871
0.17364
0.194023
0.186043
0.216556
0.184834
0.21882
0.189945
0.22006
0.17937
0.188917
0.185017
0.214975
0.194019
0.199562
0.208776
0.190371
0.194941
0.000115201
0.00675095
6.90984e-05
0.000583309
9.26313e-05
0.000409278
0.000113656
4.13035e-05
0.000287325
4.2208e-05
0.0015613
2.79651e-05
0
0.000572145
0.00206277
0.00186971
6.32863e-05
0.000247582
0.0031157
2.90877e-05
3.91866e-05
0.000202695
0.000180599
0.000276848
5.38162e-05
0.000198692
0.000155215
0.00179221
0.191013
0.182636
0.21134
0.194257
0.206273
0.195027
0.204427
0.214521
0.200522
0.198084
0.197749
0.205758
0.197416
0.189989
0.200456
0.186863
0.206902
0.214683
0.195906
0.211055
0.20879
0.191658
0.207968
0.210553
0.181897
0.21171
0.21033
0.190886
0.220465
0.19998
0.195574
0.202614
0.172828
0.217406
0.185813
0.207679
0.188065
0.202467
0.20376
0.213629
0.194036
0.212276
0.209023
0.99864
0.999594
0.000899199
0.00077167
0.0065384
0
0.000414183
3.3456e-05
0
0
1.6747e-05
0.00360481
0.000102329
0.000714876
0.00242388
2.93045e-05
8.48805e-05
0.000440654
0.000559573
0.000162424
0.000155783
7.01487e-05
0.000486811
0.00132865
0.00176507
0.000555563
0.000258518
0.000731839
0.000144793
0.00112047
0.00349152
0.999785
0.999709
0.991687
0.999527
0.178196
0.190041
0.190066
0.217544
0.207194
0.213833
0.211475
0.207528
0.194452
0.182355
0.20025
0.207532
0.188973
0.210024
0.206293
0.203068
0.205063
0.194011
0.21013
0.182204
0.21917
0.000402893
0.000128535
0.000461835
1.82139e-05
0
0.000334399
3.29479e-05
4.57773e-06
5.2669e-06
1.3522e-05
0.000259507
0.000398203
0.00736658
0.000602352
0.00105264
0.000208767
0.000106626
3.50495e-05
0.000134557
0.000102055
0.00354112
8.28314e-05
3.95959e-06
0.000122769
0.00015458
0.00220319
0.0011656
0.000529852
0.00503584
0.000289975
0.012826
0.185714
0.205583
0.182871
0.212677
0.202855
0.184049
0.193751
0.196507
0.203639
0.200135
0.204302
0.210433
0.205085
0.203884
0.198458
0.187201
0.186718
0.194566
0.188767
0.209377
0.179028
0.199415
0.193107
0.203552
0.187759
0.198539
0.195958
0.203937
0.188998
0.211147
0.213229
0.216897
0.191909
0.212494
0.200335
0.200739
0.190835
0.204197
0.192089
0.202942
0.184355
0.200359
0.995574
0.998809
8.63278e-05
3.13431e-06
0.000594432
1.82651e-05
6.51519e-05
8.25276e-05
0.000222837
0.00412413
0.000143172
0.000281508
0.0019823
0.000161289
0.000198656
0.00093854
0.000282543
0.00251029
5.68e-05
0.00179425
7.11657e-05
0.00951209
0.00323179
0.000311246
0.00015653
7.52463e-05
0.00119993
0.000192608
0.000203545
0.998928
0.999757
0.999313
0.997855
0.219133
0.212984
0.213188
0.187078
0.200991
0.178996
0.192288
0.200857
0.190376
0.22025
0.192848
0.212569
0.190754
0.204761
0.191319
0.178597
0.194008
0.213708
0.202172
0.192121
0.194586
0.185145
0.00305254
6.35815e-05
0.00129407
0.000195627
0.000352418
0.000620103
4.08592e-05
0.000543818
0.00980617
0.000226664
0.00046361
0.0006799
0.000651741
0.000210445
1.06167e-05
0.000291252
3.61878e-06
1.07297e-05
5.70029e-05
0.000532181
0.00717125
0.00353863
0.000424799
0.000722071
0.00132557
0.000700742
0.002969
7.71792e-06
4.08155e-05
0.003295
0.000158283
0.00874367
0.000126377
0.00465998
0.196585
0.198195
0.214068
0.20517
0.203123
0.206275
0.201977
0.196386
0.190182
0.201954
0.192912
0.196895
0.197159
0.222631
0.197576
0.207074
0.197303
0.200919
0.20911
0.201993
0.193009
0.218346
0.203726
0.20179
0.193071
0.198679
0.191718
0.190506
0.197487
0.195031
0.208354
0.192565
0.206681
0.193784
0.202443
0.195531
0.210674
0.19505
0.203274
0.208873
0.999597
0.999692
0.000122415
0.000186693
0.00134595
1.93735e-05
3.52105e-05
0.00568576
0.000566194
0.000924551
4.89479e-05
0.000344212
0.000418178
0.0018287
0.000268238
0.00150813
0.00518971
0.000139213
0.00274787
3.46024e-05
0.0002479
2.42434e-05
6.81042e-05
0.000148502
0.000899828
0.000435378
0.000969211
0.999381
0.998607
0.999503
0.999561
0.985152
0.198694
0.178462
0.191117
0.210275
0.201563
0.216018
0.193606
0.208216
0.194423
0.183004
0.206991
0.187284
0.20334
0.196575
0.225744
0.206501
0.203565
0.171321
0.215451
0.18935
0.211131
0.201189
0.0068341
6.03423e-05
0.000164817
1.89572e-05
5.99688e-07
1.08456e-05
3.76984e-05
3.70828e-05
9.97807e-06
3.23715e-05
0.000114319
0.000469125
0.000934564
0.000660522
0.000280298
0.00402131
0.00256029
0.000803218
0.000103261
0.000117642
0.000144626
0.000594493
0.000386592
2.87289e-05
4.5299e-05
0.000234337
0.00421353
6.88344e-05
0.000398551
0.000108028
0.000537695
0.00171728
0.000174612
0.000897453
0.00190081
0.000820971
0.184866
0.199463
0.206363
0.196358
0.187712
0.203214
0.208014
0.203586
0.213655
0.204722
0.201619
0.206015
0.184888
0.208608
0.19184
0.213561
0.176303
0.200065
0.208284
0.200615
0.194057
0.201324
0.196674
0.205944
0.217083
0.189402
0.204365
0.199446
0.200638
0.191505
0.20035
0.194023
0.202727
0.202219
0.193499
0.21015
0.197465
0.195557
0.194187
0.999558
0.996644
0.000102053
0.00275754
0.00235272
0.000227022
6.55914e-05
0.000997687
0.000279581
9.57727e-05
8.03124e-05
0.00306143
0.00151169
0.00182169
1.6957e-05
9.50987e-05
0.000446926
0.000230457
0.000427253
0.00342224
0.000356595
0.00455249
0.0010293
0.000122247
0.000978651
0.0094893
0.998628
0.999309
0.99942
0.995216
0.194371
0.210083
0.219959
0.197694
0.194063
0.195581
0.191065
0.206286
0.195807
0.204547
0.195997
0.200263
0.205448
0.200105
0.208858
0.178275
0.191053
0.207507
0.200632
0.19053
0.201812
0.207229
0.196379
0.000114936
0.000202991
0
5.34792e-06
0.000286088
3.7174e-05
3.8818e-06
0
1.99623e-05
7.49832e-05
0.00166575
0.000728328
2.3348e-05
7.29746e-06
0.000108964
0.00437235
0.00251954
0.000121801
9.12245e-05
5.51781e-05
0.00668689
1.66383e-05
0.000214218
0.000213438
3.86913e-05
5.37361e-05
2.87656e-05
8.81896e-06
0.0118221
3.62864e-05
3.60831e-05
0.00198524
0.000148175
0.000169208
0.000379024
0.000768224
0.000867406
0.00245061
0.187124
0.203278
0.194329
0.20753
0.200881
0.197964
0.18891
0.186994
0.195217
0.185784
0.222371
0.198794
0.20702
0.19477
0.222071
0.205399
0.190965
0.202071
0.187529
0.220251
0.191889
0.210137
0.18394
0.211548
0.178965
0.208064
0.19632
0.209597
0.202717
0.204093
0.193218
0.207513
0.190239
0.194386
0.190256
0.19731
0.20901
0.998489
0.999802
0.00373023
5.98549e-05
0.000708323
0.00278012
0.000176452
7.43878e-05
0.000150688
0.000599264
9.82591e-05
0.000445088
0.00124993
0.00174557
0.000542855
0.0016711
0.000179463
0.00161125
0.000293742
0.000211383
0.000536074
0.00372777
0.00027468
9.07638e-05
4.21894e-06
0.998063
0.994613
0.999356
0.997937
0.214451
0.200048
0.194953
0.185396
0.201849
0.201736
0.201487
0.200404
0.204525
0.193423
0.199038
0.19436
0.213836
0.189965
0.194383
0.208674
0.18875
0.231945
0.198054
0.195402
0.2113
0.192094
0.20549
0.202989
0.185997
0.000361236
4.37949e-05
0.00413131
8.55641e-05
1.15596e-05
0.00014331
0.00295409
0.000235588
0.000384444
0.000176506
0.00159462
0.002132
6.93859e-05
8.81896e-06
8.81896e-06
1.93236e-05
8.81896e-06
0.000167137
8.81896e-06
8.81896e-06
5.52102e-05
0.000439026
0.000167158
8.8523e-05
0.0036879
7.2646e-05
0
0
0.000182453
0.000122464
4.3458e-05
0.000125837
0.000116324
0.00219272
0.000239321
1.1345e-05
9.72068e-05
0.00202078
0.0023625
0.196912
0.20397
0.196168
0.203631
0.187958
0.232303
0.194241
0.209393
0.178136
0.196553
0.188216
0.193426
0.193069
0.200284
0.189139
0.203975
0.21855
0.172594
0.214349
0.204432
0.178368
0.218008
0.207812
0.213125
0.185658
0.212463
0.192622
0.196507
0.202094
0.21596
0.191525
0.202081
0.196335
0.2156
0.197023
0.190967
0.999642
0.999006
0.000145025
0.000182776
0.00127498
0.00216838
0.000450815
0.00060225
0.00187275
0.00100351
0.00382101
0.00185301
0.000451154
5.07054e-05
0.000644687
0.000336374
5.97779e-05
0.00407177
0.000117577
4.82453e-05
6.79945e-05
0.00210651
0.00117032
0.996563
0.999773
0.999624
0.999764
0.995802
0.188771
0.201502
0.200467
0.200555
0.204107
0.199558
0.191028
0.202102
0.209222
0.194241
0.210705
0.177863
0.215385
0.190701
0.211628
0.201243
0.198327
0.18428
0.207584
0.198789
0.189346
0.17949
0.200254
0.198071
0.211595
7.84519e-05
5.75577e-05
4.41926e-05
0.000123797
0.000121564
7.6295e-05
6.49517e-05
2.43805e-05
0.000281859
1.13251e-05
2.52563e-06
0.00166422
0.00043325
0.000253919
7.17936e-06
0.000513501
4.17589e-05
0.00410106
0.000266306
0.00015524
0.000130002
5.5835e-05
5.77861e-05
4.13574e-05
0.00168861
0.00424565
0.000630783
0.000167183
0.000425379
0.00358417
0.000404126
0.000200649
2.56055e-05
5.8371e-05
0.00130859
6.86216e-05
0.000967105
0.00335107
0.00321524
0.000274277
0.199175
0.195668
0.203897
0.19772
0.192141
0.19355
0.206056
0.204253
0.223052
0.195727
0.208494
0.196377
0.209265
0.205903
0.195731
0.195185
0.204363
0.198861
0.196333
0.202486
0.194297
0.19491
0.198317
0.19662
0.193693
0.193957
0.202546
0.19992
0.189018
0.197455
0.207419
0.201941
0.199095
0.195321
0.204435
0.215129
0.998865
0.99843
0.000315845
0.0049732
0.00320266
0.000790795
0.000338926
0.00349267
0.00793032
0.000123028
7.5278e-05
0.00158274
0.00364318
0.000526915
7.95046e-05
0.0108165
0.00230373
0.000598988
9.21457e-05
0.000104634
0.00242152
0.00558937
0.999818
0.999713
0.994136
0.999553
0.218932
0.197455
0.203998
0.204096
0.194763
0.20015
0.205853
0.203495
0.197198
0.184453
0.18597
0.223403
0.207214
0.212956
0.172985
0.215718
0.172281
0.22794
0.188479
0.188154
0.213711
0.215244
0.215159
0.192174
0.204117
0.200897
0.195506
0.00122739
0.0014782
0.00106894
4.29752e-05
0.000107603
0.000116662
0.000111103
0.000939696
5.08256e-05
7.6247e-05
0.000293177
0.000332918
0.00185333
0.000259138
0.00100788
0.000299455
0.00254278
0.000547356
2.89526e-05
4.95962e-05
0.00259058
0.0015308
7.46501e-05
0.00152837
0.000278848
0.00242401
5.87299e-05
0.000204137
6.33131e-05
0.000449158
0.000396263
0.000538764
0.00126791
0.000783676
0.00539462
0.00187081
0.000186254
0.00100259
5.75247e-05
1.26556e-05
0.000172794
0.206084
0.193597
0.205939
0.203197
0.196086
0.189059
0.176836
0.201289
0.202903
0.195205
0.196888
0.20872
0.186968
0.204679
0.194472
0.203717
0.194244
0.206508
0.206708
0.187388
0.21194
0.20413
0.201929
0.195729
0.197554
0.203408
0.194515
0.198437
0.206915
0.184949
0.197405
0.191596
0.199524
0.178207
0.980917
0.999713
0.00342007
0.000114889
0.000313642
0.000548803
0.000199565
0.00036227
0.000481511
0.00149585
0.000143493
0.00162829
0.000417889
0.000971456
0.000227551
0.000754103
0.00217121
0.0016812
0.00176868
0.00214386
0.000595725
0.986625
0.999688
0.999585
0.99926
0.981626
0.174395
0.196505
0.196381
0.198573
0.193555
0.183916
0.201173
0.19999
0.195826
0.221033
0.208355
0.194022
0.185844
0.184704
0.20599
0.207055
0.204133
0.196583
0.197618
0.213388
0.204919
0.174809
0.197585
0.200069
0.189479
0.197783
0.198092
0.00633706
0.000985936
0.00023635
0.00190518
0.000103161
0.000148661
0.000135712
0.000321485
0.00609917
0.00310355
0.00032709
0.00433716
0.000209141
0.00240173
0.00028909
0.00102936
0.000971505
0.00025439
2.51108e-05
4.85607e-05
1.08881e-05
0.000308339
5.77662e-05
4.12391e-05
5.88544e-05
0.000515404
0.00452591
0.000339093
0.000146838
2.61587e-05
3.73362e-05
0.000257689
0.000483933
0.000408742
4.78439e-05
9.95797e-05
9.03328e-07
3.86182e-05
0.00329371
0.00201847
0.000264739
0.0026022
0.203244
0.2043
0.193618
0.223777
0.204203
0.211935
0.218166
0.193341
0.19418
0.208288
0.200397
0.203553
0.195058
0.200607
0.208508
0.197132
0.20065
0.200058
0.194983
0.189397
0.193203
0.21227
0.20148
0.203245
0.206806
0.191188
0.218438
0.19877
0.202136
0.207585
0.204693
0.211019
0.204894
0.224994
0.999593
0.999789
0.000266178
0.00110069
0.00368347
0.000131587
6.70976e-05
0.000304626
0.000134311
0.000585659
0.000241163
0.000184166
0.00129497
0.00152385
0.000326991
0.000753261
0.00142585
8.59088e-05
4.69619e-05
0.00127954
0.999377
0.999538
0.999791
0.999699
0.237512
0.209557
0.213293
0.193088
0.200366
0.207177
0.205876
0.194274
0.201672
0.192458
0.204132
0.192276
0.191211
0.216361
0.19294
0.193699
0.208101
0.196875
0.190548
0.212756
0.189719
0.1925
0.220925
0.193248
0.197267
0.205908
0.202166
0.198358
0.204382
0.000776017
0.00765409
0.00106106
0.00246361
0.00311507
0.000784778
0.000269948
0.00144329
3.79014e-05
2.131e-07
3.8386e-05
2.25808e-05
4.95437e-05
1.76178e-05
3.15356e-05
0.00178341
0.00147693
0.000554223
0.00737414
1.52289e-05
0.0013228
0.00136695
1.23058e-05
0
0
0.00786688
8.31244e-07
1.83146e-05
0.00239251
0.000528991
0.000383936
0.000576569
9.77999e-05
0.00227124
8.57328e-06
7.31366e-05
0.000170401
0.000179254
2.37155e-05
7.4288e-06
5.20107e-06
0.00132937
0.190142
0.202242
0.195834
0.196016
0.177707
0.200577
0.188443
0.20056
0.204905
0.185895
0.213856
0.200919
0.207353
0.188877
0.195386
0.212342
0.195623
0.210473
0.210226
0.200934
0.196577
0.199484
0.201574
0.196606
0.20086
0.202562
0.191995
0.217533
0.185738
0.194674
0.18374
0.190642
0.186637
0.986583
0.999313
0.00320025
0.000269148
0.000207797
0.000311669
0.00249515
0.000146519
0.00282892
0.000589485
0.00116396
0.00042057
0.000130224
0.000172824
0.00280912
0.00139855
0.000774177
8.59004e-05
0.00116233
0.991329
0.999567
0.999384
0.999482
0.977876
0.175455
0.186234
0.205222
0.204762
0.19143
0.19952
0.203522
0.210005
0.191992
0.2142
0.195263
0.203846
0.195103
0.200744
0.217263
0.194682
0.204778
0.204337
0.19011
0.200574
0.195301
0.181333
0.208798
0.205973
0.197965
0.189387
0.205219
0.197436
0.19548
0.185319
0.00155023
4.11313e-05
0
0
0
0
6.51411e-05
1.58698e-05
0.000195339
0.0040345
0.00442243
0.000700684
0.000128781
9.59742e-07
5.07691e-06
0.000123089
0.000630257
1.79306e-06
3.39468e-05
0.00279848
0.0007924
5.73766e-05
0.000345755
0.00419386
0.000108941
8.5135e-05
0.000217935
0.0141349
0.000238011
4.1868e-05
2.03508e-05
5.7245e-05
0.000506305
0.00181539
0.000332354
0.000589917
0.00116616
0.00176236
0.000782888
0.000470676
5.41861e-05
0.0081961
0.000176995
0.200542
0.202088
0.219858
0.196595
0.213075
0.184039
0.217895
0.18958
0.211032
0.194473
0.198016
0.198532
0.205125
0.193011
0.189094
0.195825
0.191549
0.19294
0.193622
0.213638
0.194958
0.20917
0.190832
0.196748
0.193626
0.191858
0.209128
0.219165
0.205523
0.212564
0.217621
0.21491
0.999348
0.999238
0.000376501
1.99931e-05
6.0216e-05
9.10405e-05
0.00034409
0.000461198
9.83226e-05
0.00124587
0.000141619
0.00172119
0.000374701
2.13981e-05
5.1956e-05
0.000595544
0.000397927
0.00298991
0.999138
0.999799
0.999713
0.99968
0.229212
0.21928
0.194929
0.18972
0.192755
0.198772
0.199199
0.20389
0.189102
0.205985
0.194108
0.201263
0.217147
0.184927
0.206086
0.188991
0.203627
0.19741
0.204864
0.19497
0.20558
0.212929
0.208904
0.199728
0.292042
0.29459
0.299655
0.29684
0.307442
0.305388
0.313414
0.291642
0.296551
0.107815
0.0897369
0.00271742
5.43024e-05
6.87517e-05
8.52352e-05
0.000104541
0.000257706
0.00073315
8.6256e-05
4.34626e-05
3.07026e-05
7.55242e-05
0.00133523
0.0085591
0.00149246
0.000103512
0.000160991
0.000118654
0.003595
0.000390751
0.00238914
3.4115e-05
1.84247e-06
0.00448935
4.71761e-06
1.38854e-05
0.000245036
9.31941e-05
0.000897036
0.00250037
0.000487979
3.60932e-05
3.13568e-05
2.54831e-05
0.000702675
6.84321e-05
2.1576e-05
4.67744e-05
2.0153e-05
1.45396e-05
0.198552
0.18791
0.20055
0.196027
0.202902
0.19626
0.203303
0.200924
0.201187
0.193782
0.195846
0.194305
0.192866
0.201536
0.207984
0.199951
0.212136
0.202122
0.20486
0.200921
0.19254
0.196207
0.201135
0.211724
0.194206
0.199034
0.198986
0.193883
0.191686
0.189047
0.18513
0.185772
0.996937
0.999773
0.000913985
0.000400152
0.00116184
0.000349976
0.001187
0.000361108
0.00110055
0.000405886
2.50162e-06
0.0031718
0.00216311
0.000119905
0.000390907
0.00663437
0.00197734
0.00107474
0.999865
0.999642
0.999671
0.987529
0.181949
0.188875
0.213179
0.217415
0.188507
0.20169
0.209011
0.204523
0.200737
0.213062
0.180018
0.20553
0.191395
0.195583
0.209869
0.185082
0.211826
0.199867
0.186667
0.211065
0.188866
0.196371
0.294628
0.300651
0.305055
0.307772
0.296593
0.297705
0.295227
0.297614
0.298134
0.301648
0.311779
0.291859
0.105244
0.103739
0.10452
0.0961455
0.00825829
3.18626e-05
0.0041431
7.91429e-05
3.4358e-05
5.78165e-05
7.5681e-05
6.9564e-05
3.80297e-07
3.75376e-05
1.95945e-06
1.95945e-06
1.33344e-05
2.93078e-05
1.27807e-05
0.00304141
0.000204869
0.000234058
0.000514545
0.000828233
0.00103588
0.000437108
0.00384326
0.000237195
0.000565561
0.000192831
0.000124055
0.000144186
0.000222408
0.00031235
2.17732e-06
1.95068e-05
0.000123011
0.00653744
0.000570695
0.000195208
0.00386926
0.203114
0.188692
0.213934
0.199103
0.206865
0.183999
0.213669
0.187319
0.204284
0.196948
0.217381
0.199761
0.196959
0.189103
0.20775
0.19223
0.189381
0.196805
0.181476
0.213193
0.198259
0.204879
0.186162
0.20986
0.208379
0.196694
0.20231
0.194243
0.21633
0.195871
0.202684
0.213972
0.998744
0.0012615
0.00305057
0.00378172
0.00223584
0.00132384
0.00182994
0.00019423
0.0019872
0.000216572
0.000515711
0.0002825
0.000191371
0.000216402
0.000324542
0.000585793
0.999188
0.998991
0.998807
0.998979
0.208567
0.211148
0.20264
0.183561
0.19593
0.199518
0.212699
0.185088
0.191786
0.205064
0.213286
0.178682
0.214447
0.182093
0.21249
0.185337
0.211811
0.197027
0.201577
0.202529
0.214052
0.294308
0.30194
0.297923
0.302321
0.291845
0.300689
0.307188
0.317474
0.294419
0.31209
0.294735
0.293503
0.297643
0.304361
0.29544
0.101446
0.090227
0.110586
0.0887329
0.094471
0.000451085
0.000109772
0.000183762
0.00594636
0.000153627
0.00319242
5.19499e-05
2.28448e-05
0.000312251
1.64098e-05
4.41166e-05
0.000567216
0.000132908
0.000162472
3.23143e-05
0.000461574
0.000148151
0.000615223
0.000185595
9.28401e-05
5.85241e-05
5.85149e-05
8.95077e-05
0.00119363
0.000219687
0.00456864
0.000146595
1.57074e-05
0.000901224
9.66335e-05
0.000106682
0.00020619
0.00044263
0.000122145
0.00435414
0.00226579
0.209753
0.193662
0.191223
0.209912
0.193956
0.210336
0.181795
0.199762
0.213121
0.188044
0.200903
0.203591
0.193428
0.193161
0.191316
0.204179
0.214244
0.209576
0.197674
0.178198
0.217799
0.184985
0.20696
0.185951
0.205593
0.197015
0.210703
0.202076
0.194459
0.199702
0.208681
0.993141
0.998957
0.00171517
0
6.79865e-06
0.00208293
0.00242599
0.000111529
0.00413994
0.000319837
0.000343819
0.00019649
0.000181141
0.00478993
0.00366055
0.000316183
0.999507
0.999641
0.995125
0.999281
0.198843
0.199693
0.201002
0.211322
0.193652
0.196888
0.208229
0.20048
0.199195
0.173937
0.206504
0.210465
0.200468
0.206119
0.213528
0.196703
0.207663
0.186894
0.190293
0.191392
0.299199
0.296918
0.307364
0.293194
0.3031
0.299475
0.30363
0.2867
0.286335
0.301858
0.298829
0.298823
0.310651
0.302495
0.29939
0.297238
0.296323
0.306316
0.100188
0.11158
0.109491
0.0956864
0.000180065
0.00120538
0.00285649
3.62002e-05
6.54495e-05
4.25345e-05
0.0104337
0.000588707
0.000150174
0.00216622
0.00696067
5.98506e-05
0.000638041
9.60815e-05
0.000332758
4.62865e-05
2.1167e-05
8.63439e-05
0.000279136
4.5558e-05
0.000420059
4.03151e-06
4.0748e-05
8.07833e-05
9.11394e-05
7.61018e-05
5.859e-05
0.00155888
0.000629009
0.000886108
0.00295108
8.57807e-05
0.000113763
0.000681713
0.000334156
0.189004
0.204862
0.201184
0.206493
0.202168
0.188277
0.216594
0.19398
0.194024
0.205672
0.192036
0.215596
0.210818
0.20702
0.206393
0.213594
0.188955
0.18631
0.209653
0.199585
0.205012
0.196524
0.208019
0.198464
0.210486
0.185072
0.190289
0.193544
0.198733
0.203923
0.192062
0.993367
0.995504
0.00367024
5.00523e-05
0.000153484
0.000519295
0.000166791
0
6.62413e-05
0.000143963
0.0031608
0.000100844
0.000271696
0.000798832
0.000217098
0.000509725
0.99971
0.999878
0.999916
0.999616
0.193682
0.203166
0.19399
0.210581
0.204858
0.20047
0.189032
0.195355
0.211513
0.203
0.203156
0.184587
0.20143
0.193425
0.186422
0.190823
0.20344
0.203376
0.209536
0.301035
0.299544
0.295666
0.293331
0.308443
0.293561
0.295407
0.303437
0.294014
0.320108
0.296089
0.302436
0.300223
0.299831
0.294761
0.307014
0.304117
0.289441
0.307116
0.289186
0.296297
0.0953993
0.106506
0.0951549
0.0120278
0.00018155
7.9642e-05
0.000140625
0.000301295
5.28803e-05
5.77458e-05
0.000139972
0.000459781
9.00081e-05
8.44708e-05
0.00452826
0.000119775
3.38431e-05
0.000209526
0.000447792
0.00327732
0.000183655
0.000129674
0.000764229
0.00205274
0.000186958
0.00698602
0.000550765
0.000227502
0.000397979
0.00332109
0.000823993
9.32651e-05
7.42983e-05
0.000197806
0.00258825
0.0042552
0.000114601
0.00518419
0.195819
0.193543
0.186846
0.201292
0.199113
0.207906
0.20223
0.209213
0.189715
0.211483
0.175771
0.201332
0.183603
0.193357
0.193701
0.202063
0.203605
0.200761
0.187678
0.212007
0.188515
0.202854
0.183415
0.206049
0.199536
0.21096
0.202649
0.197806
0.20989
0.197382
0.204984
0.996616
0.000821006
0.000357908
0.00656721
0.00130197
8.26932e-05
8.93508e-05
0.000314269
0.00151723
0.000205721
0.000455058
0.00148809
0.000517556
0.00449194
0.997685
0.998879
0.999063
0.996356
0.99343
0.199503
0.201862
0.197509
0.177769
0.194307
0.207784
0.199172
0.215506
0.185255
0.198874
0.192549
0.202447
0.21093
0.198193
0.224829
0.204671
0.200624
0.190253
0.306338
0.289655
0.307158
0.311232
0.30369
0.30001
0.312175
0.293634
0.313288
0.294443
0.288124
0.301481
0.296543
0.292552
0.295905
0.301051
0.301473
0.296793
0.300361
0.311758
0.295107
0.294715
0.298765
0.295913
0.101092
0.0924616
0.00551207
0.000105632
0.000211598
0.00104162
2.68879e-05
5.8898e-06
0.000298363
0.000141841
6.19764e-05
5.18945e-05
0.000444993
0.00628982
0.000152799
4.95679e-05
0.000203243
0.000159996
1.1183e-05
3.32012e-05
0.000163991
0.000201743
0.000194082
0.000443956
0.00287648
0.000140375
0.00132092
0.000134389
0.000458704
0.000174197
0
5.5024e-06
1.75071e-05
0.000522413
0.000348126
9.88299e-05
0.207204
0.195348
0.215495
0.197668
0.19713
0.194902
0.199843
0.186723
0.199835
0.203064
0.208969
0.19751
0.205641
0.293643
0.196237
0.216768
0.187009
0.205391
0.196925
0.210155
0.19533
0.205792
0.213846
0.207749
0.200945
0.201356
0.192541
0.195564
0.195174
0.207764
0.193449
0.999617
0.998552
0.000516483
0.000171266
0.000199815
0.000229447
0.000246083
0.000958659
0.000191016
0.000741903
0.00122017
0.000700785
0.000150165
0.000869341
0.999192
0.996392
0.995585
0.999349
0.209674
0.204184
0.207494
0.205315
0.219515
0.19388
0.202802
0.188356
0.205981
0.194771
0.2102
0.202381
0.197329
0.18799
0.193617
0.192225
0.192351
0.209086
0.296215
0.294242
0.304172
0.285138
0.288456
0.303734
0.288683
0.291239
0.296494
0.297516
0.300444
0.313599
0.297757
0.314552
0.300401
0.314127
0.301076
0.307517
0.298362
0.302113
0.290764
0.302678
0.301574
0.30533
0.296829
0.29772
0.305586
0.098014
0.00468798
0.000700293
4.49926e-05
0.000110103
9.50982e-05
0.00266241
0.000265806
8.04298e-05
2.30091e-05
1.30415e-05
3.52532e-05
3.37018e-05
0.000351634
0.0045543
0.00178294
0.00184899
0.000704251
0.000314015
9.93252e-05
0.000118351
0.000350463
6.43286e-05
7.01322e-05
0.000709783
0.000515427
0.00381537
0.00743334
0.000127304
0.000152953
5.76319e-05
0.000367635
0.000589376
0.000285395
0.19364
0.192459
0.191407
0.193601
0.217064
0.187352
0.204336
0.19921
0.202807
0.200085
0.197221
0.191683
0.310572
0.310793
0.300332
0.194614
0.197603
0.207126
0.188201
0.201626
0.189206
0.202557
0.204919
0.178869
0.192639
0.199513
0.203777
0.199354
0.195301
0.202832
0.206876
0.999727
0.993898
0.000565569
0.000301205
0.000276805
0.000411674
0.00348189
0.00230676
0.000171769
0.00227083
4.10032e-05
0.00183961
0.000258885
0.00583023
0.998382
0.999498
0.998789
0.997275
0.196494
0.190104
0.188435
0.197653
0.193072
0.194309
0.217905
0.204215
0.197142
0.20151
0.184929
0.202688
0.201484
0.196644
0.205174
0.194426
0.21015
0.285582
0.302208
0.299206
0.304372
0.312069
0.309728
0.296319
0.304871
0.304576
0.303113
0.309247
0.285231
0.300777
0.295451
0.291204
0.29161
0.287718
0.295615
0.288484
0.30386
0.296566
0.29865
0.299824
0.308122
0.293916
0.307285
0.296369
0.298557
0.289691
0.202965
0.000798382
0.000139657
0.000113456
2.76462e-05
0.000131495
6.43335e-05
0.00191976
0.000887563
4.13771e-05
0.000196425
0.000443907
9.42001e-05
7.87976e-05
2.87875e-05
7.76825e-05
0.00485913
0.00411127
0.00012022
0.000197843
0.000168526
0.00336561
0.000134317
5.2257e-05
0.0016814
0.000481059
0.000192783
0.00142771
0.000283461
0.000804103
0.00038229
0.000156457
0.000396203
0.206107
0.210229
0.204723
0.190395
0.202771
0.196122
0.201565
0.197622
0.214471
0.187692
0.213788
0.19732
0.289817
0.301757
0.295697
0.188922
0.207268
0.189155
0.215052
0.204295
0.207438
0.203688
0.189152
0.205118
0.220143
0.192338
0.197539
0.211896
0.197374
0.196541
0.188985
0.998256
0.999736
0.00060062
0.000212337
0.000840154
0.000137354
0.00234506
0.000480743
5.55743e-05
1.32616e-05
0.00356518
0.000392236
8.99099e-05
0.00013346
0.995973
0.999475
0.99961
0.99247
0.209762
0.205762
0.198301
0.191227
0.216717
0.201324
0.190547
0.198286
0.189623
0.201233
0.212039
0.204694
0.215549
0.192458
0.201422
0.197849
0.194807
0.31101
0.304795
0.294041
0.301049
0.293488
0.284519
0.302084
0.294989
0.302351
0.288731
0.29688
0.323889
0.29828
0.310354
0.303279
0.296327
0.3038
0.300101
0.308827
0.296038
0.295587
0.293027
0.302598
0.291529
0.309606
0.297467
0.301798
0.298947
0.308832
0.2938
0.197869
0.198906
0.199642
0.0054046
0.0002701
0.000523346
0.000365301
0.000220378
0.00227691
0.000794578
0.00022563
0.00094174
0.0013006
9.47985e-05
5.02735e-06
4.80487e-05
1.93189e-05
2.50544e-06
0
0.000361203
0.00965774
0.00228361
0.0010293
0.000131355
7.34048e-05
0.00106676
0.000378999
0.00277856
0.00307488
7.99359e-05
0.00698049
0.188951
0.192887
0.203248
0.19688
0.186038
0.209551
0.195291
0.198756
0.199274
0.198982
0.196121
0.197592
0.20552
0.308122
0.286831
0.301273
0.207082
0.214644
0.183714
0.200074
0.174832
0.210745
0.18471
0.21262
0.192071
0.191856
0.190376
0.192513
0.205324
0.198013
0.205724
0.2141
0.998706
0.99193
0.00202616
0.000662319
0.000330369
0.00099607
4.4352e-05
8.50076e-05
5.7845e-05
0.00012886
0.000265597
0.00327262
0.000218595
0.000238129
0.999663
0.999641
0.999646
0.997074
0.197763
0.197693
0.202999
0.205671
0.198237
0.207065
0.203396
0.204203
0.213263
0.198747
0.19799
0.182902
0.193774
0.189968
0.203589
0.197272
0.301207
0.288372
0.295724
0.302946
0.288253
0.308284
0.323779
0.304744
0.289797
0.301557
0.305973
0.298716
0.28265
0.292061
0.289039
0.297215
0.313072
0.299981
0.293491
0.306078
0.296176
0.304716
0.301364
0.302174
0.29411
0.290193
0.304011
0.298374
0.305827
0.301775
0.291295
0.200567
0.209738
0.195433
0.199206
0.20526
0.197077
0.196782
0.000251053
0.00153096
0.000288044
0.000289154
0.00255917
0.00159202
0.00104009
0.000841816
0.000234798
8.90681e-05
1.91715e-05
0.000134803
0.00103188
9.23047e-05
0.000329868
0.000369361
1.99165e-05
0.000195688
0.000406736
9.74091e-05
0.000491885
2.2329e-05
0.000462458
0.194495
0.200994
0.204959
0.200596
0.217371
0.204549
0.198348
0.193301
0.210031
0.192462
0.201719
0.212321
0.191489
0.202731
0.286549
0.327891
0.303981
0.183703
0.209127
0.196754
0.216077
0.195938
0.204423
0.196805
0.184871
0.20305
0.210598
0.21295
0.203138
0.193619
0.186697
0.192562
0.180415
0.992398
0.999624
0.000370211
0.000308602
0.00238545
0.00364055
0.000384594
0.000257856
0.000141894
0.00087682
0.000983945
0.000150471
5.89362e-05
0.000103366
0.999428
0.999804
0.999836
0.9994
0.193798
0.187732
0.200531
0.185483
0.19751
0.19121
0.202822
0.189937
0.200485
0.190031
0.208546
0.199201
0.213106
0.198851
0.208107
0.220958
0.289178
0.307139
0.30508
0.290131
0.310838
0.297427
0.278887
0.293575
0.316406
0.289454
0.310217
0.293058
0.309095
0.307332
0.30921
0.295235
0.291604
0.301946
0.298574
0.293236
0.300795
0.301259
0.298991
0.308347
0.301854
0.308584
0.292844
0.295842
0.297585
0.292174
0.401001
0.298189
0.302418
0.194157
0.196686
0.194021
0.201924
0.209646
0.203559
0.18642
0.210278
0.196583
0.00298214
0.0966417
0.107807
0.0895914
0.000274308
0.00209026
0.00045004
0.00018798
0.00569172
0.000780286
7.78427e-05
0.000162801
0.00437702
0.00492787
0.00428707
4.39804e-05
0.00453321
0.193768
0.198418
0.202551
0.204497
0.191691
0.194412
0.195008
0.204036
0.192085
0.206285
0.198734
0.199502
0.194426
0.206878
0.198356
0.203299
0.199384
0.280999
0.199147
0.204176
0.187802
0.200623
0.187437
0.208829
0.194885
0.193499
0.220848
0.198083
0.185138
0.206897
0.198311
0.197491
0.21532
0.209698
0.214422
0.211017
0.999557
0.000424213
0.000222199
0.000613022
0.000359229
0.00224125
0.000434665
0.00467309
0.000119491
0.000111186
0.000320643
0.00222351
0.000385649
0.999575
0.996357
0.998712
0.999469
0.207791
0.212018
0.206233
0.208637
0.199874
0.199441
0.207017
0.206097
0.202447
0.203796
0.205113
0.195955
0.196578
0.198901
0.171005
0.190588
0.29864
0.300075
0.29885
0.304426
0.289752
0.303394
0.308871
0.30164
0.293482
0.303733
0.298915
0.29559
0.302788
0.295105
0.297248
0.298457
0.30156
0.298705
0.303131
0.305616
0.29051
0.3154
0.285398
0.305427
0.295575
0.302019
0.306843
0.309636
0.293395
0.400084
0.409093
0.395376
0.306266
0.300064
0.199316
0.205595
0.205598
0.192514
0.203087
0.191537
0.195263
0.203897
0.293908
0.309747
0.296073
0.302207
0.307955
0.192895
0.205573
0.00018327
0.000335987
0.00508647
0.00178119
0.00553286
0.19363
0.200665
0.189259
0.200905
0.193834
0.210122
0.191817
0.203718
0.199323
0.199991
0.199658
0.224184
0.178951
0.214285
0.192628
0.208092
0.192744
0.207774
0.196706
0.198178
0.193133
0.204223
0.206445
0.186452
0.207128
0.205914
0.210597
0.183298
0.207411
0.196432
0.210565
0.187467
0.19447
0.19285
0.205569
0.207496
0.19422
0.186772
0.196453
0.197999
0.197868
0.999102
0.00366829
0.000108755
0.00302707
0.000326873
5.6369e-05
0.00181432
0.000550915
0.00115301
0.000187952
0.000318857
0.00182417
0.000724959
0.999397
0.995962
0.997484
0.999757
0.201159
0.203934
0.195014
0.188803
0.200392
0.191281
0.196188
0.185724
0.193341
0.210066
0.192041
0.198074
0.182396
0.215732
0.201359
0.21916
0.290847
0.300299
0.297239
0.289359
0.306406
0.297062
0.304352
0.291279
0.312687
0.303829
0.310223
0.290568
0.300116
0.295329
0.305181
0.302034
0.299666
0.303494
0.305849
0.301923
0.304445
0.300681
0.293254
0.299353
0.295066
0.299954
0.302396
0.299285
0.29993
0.410408
0.395222
0.399727
0.301131
0.298749
0.299112
0.199469
0.196431
0.199716
0.203971
0.20261
0.192538
0.296308
0.31176
0.289797
0.290293
0.296089
0.314171
0.197011
0.203309
0.199286
0.206043
0.201117
0.198227
0.199349
0.205212
0.201752
0.203666
0.20786
0.193748
0.196129
0.195783
0.201983
0.197109
0.194855
0.206476
0.187228
0.203023
0.202894
0.199319
0.197575
0.199713
0.193999
0.197942
0.205846
0.200725
0.293636
0.306664
0.297842
0.200899
0.1873
0.199757
0.205191
0.204493
0.190475
0.2133
0.194222
0.213352
0.203442
0.193077
0.186025
0.197163
0.219935
0.202252
0.19054
0.191953
0.99748
0.00383711
0.000185377
0.00576726
0.00066075
0.00178446
0.00361162
0.00178445
0.000312932
0.00151384
1.48188e-06
0.00291289
1.73811e-05
0.999833
0.999788
0.999594
0.989443
0.195045
0.193477
0.193282
0.197048
0.206392
0.193414
0.202629
0.207281
0.20418
0.193303
0.186354
0.225192
0.190249
0.215745
0.200968
0.188406
0.303338
0.307877
0.302238
0.305081
0.305704
0.293878
0.301609
0.29945
0.299961
0.281941
0.298844
0.299359
0.309553
0.298358
0.307326
0.294505
0.308683
0.286326
0.297205
0.300959
0.297206
0.303285
0.303975
0.292998
0.300896
0.302097
0.296907
0.295637
0.297341
0.388405
0.401694
0.392621
0.302328
0.294736
0.304455
0.20841
0.195471
0.208198
0.206651
0.202049
0.20949
0.30422
0.291134
0.297406
0.313078
0.304888
0.291813
0.190866
0.214509
0.196721
0.199982
0.194964
0.206947
0.192487
0.196898
0.193269
0.203683
0.191359
0.21493
0.200205
0.205329
0.188407
0.206523
0.206284
0.200212
0.201413
0.191895
0.211925
0.187231
0.197256
0.203478
0.19858
0.190498
0.204574
0.206702
0.292879
0.294523
0.296491
0.207869
0.197128
0.192886
0.204372
0.190982
0.186829
0.206892
0.201998
0.201425
0.196824
0.194966
0.20015
0.206661
0.211023
0.19294
0.213783
0.201087
0.999185
0.00353673
0.000172257
0.000608114
9.41871e-05
0.000528829
0.000413839
6.1126e-05
0.000325168
0.000285208
0.00202165
0.000451484
0.00237697
0.999345
0.999656
0.999606
0.999624
0.202091
0.202368
0.208512
0.212845
0.213714
0.202005
0.195067
0.196891
0.1937
0.21941
0.201286
0.185121
0.195571
0.205061
0.178884
0.197802
0.304869
0.280409
0.30637
0.29723
0.289827
0.296791
0.314829
0.292972
0.304504
0.31
0.294996
0.304195
0.28817
0.292088
0.288981
0.300921
0.288673
0.315362
0.294648
0.304639
0.298981
0.291412
0.306874
0.300795
0.298587
0.301355
0.299206
0.312088
0.300569
0.404421
0.407544
0.402253
0.296662
0.303623
0.208167
0.192146
0.205632
0.193668
0.206458
0.191757
0.197395
0.193302
0.300505
0.316149
0.295343
0.290506
0.314783
0.202783
0.197462
0.204056
0.201502
0.202403
0.190867
0.20288
0.189313
0.209188
0.192994
0.199476
0.185507
0.200286
0.201447
0.217865
0.182935
0.204645
0.190595
0.205502
0.18749
0.200989
0.207365
0.202217
0.198744
0.207449
0.187893
0.211513
0.200121
0.205409
0.210124
0.195697
0.205516
0.194965
0.193736
0.197747
0.213901
0.197142
0.200167
0.192923
0.201019
0.191601
0.198412
0.21189
0.188508
0.202591
0.190237
0.186895
0.199057
0.999276
0.000871932
6.84653e-05
0.000860364
0.0003229
0.000138374
0.001384
0.00679686
0.00159752
0.00155016
0.000730293
0.00161048
0.000598659
0.997972
0.994054
0.99966
0.999365
0.207321
0.190423
0.199383
0.180749
0.18195
0.199478
0.206498
0.203694
0.205608
0.187698
0.206142
0.203466
0.214106
0.205639
0.213421
0.200364
0.290078
0.328322
0.297718
0.296142
0.309193
0.301622
0.280802
0.298821
0.305199
0.294535
0.300999
0.303509
0.315655
0.305796
0.310717
0.297627
0.30157
0.297713
0.303367
0.290475
0.309768
0.305416
0.296385
0.309096
0.296753
0.300282
0.303634
0.294771
0.297991
0.301551
0.395129
0.294176
0.305711
0.193268
0.193269
0.208092
0.201485
0.199494
0.203136
0.206762
0.19292
0.20659
0.199857
0.300146
0.297041
0.299343
0.194444
0.184282
0.204955
0.191093
0.203059
0.20715
0.196648
0.206022
0.212985
0.187837
0.220105
0.199367
0.212033
0.201666
0.190095
0.183965
0.212596
0.1931
0.207566
0.194208
0.216206
0.205959
0.204491
0.198028
0.186994
0.208377
0.212738
0.191122
0.193077
0.282699
0.287494
0.286134
0.19735
0.204417
0.208597
0.187658
0.197463
0.201035
0.202598
0.210756
0.199963
0.190587
0.203767
0.198397
0.191155
0.204806
0.198867
0.224294
0.206334
0.994083
0.000265931
0.000158889
0.000230569
0.00293117
0.00329696
0.000588719
0.000296257
0.000812035
0.00446718
0.00123687
0.00206787
0.000476292
0.997585
0.999783
0.999788
0.998936
0.192736
0.197471
0.200104
0.206195
0.201211
0.20109
0.199227
0.197036
0.206069
0.205008
0.195989
0.180456
0.201504
0.183976
0.198357
0.192183
0.30198
0.289001
0.294824
0.313645
0.29203
0.307873
0.313218
0.303965
0.304159
0.300904
0.30488
0.301976
0.279953
0.289826
0.303616
0.301523
0.299291
0.301003
0.293529
0.314596
0.290722
0.301564
0.290632
0.299504
0.298611
0.300061
0.302422
0.299418
0.304111
0.301028
0.297551
0.203736
0.206792
0.190919
0.213208
0.198874
0.191425
0.188409
0.199733
0.188046
0.202037
0.202299
0.204166
0.195525
0.20895
0.213849
0.202436
0.215089
0.203581
0.205543
0.193911
0.208986
0.19478
0.196886
0.192334
0.198552
0.192444
0.190243
0.191956
0.197559
0.208854
0.215553
0.200397
0.195578
0.199127
0.210337
0.18951
0.19577
0.183161
0.215725
0.195641
0.201735
0.20712
0.188419
0.321215
0.303483
0.322732
0.310583
0.304818
0.202758
0.19163
0.218906
0.2034
0.202988
0.20006
0.180986
0.203823
0.210258
0.19895
0.21452
0.196429
0.201488
0.193588
0.185596
0.999054
0.999497
0.0001085
3.56274e-05
0.000282385
0.000215971
0.00106642
0.00158101
0.000166273
0.0010595
0.000445682
0.00184841
0.000448255
0.000223575
0.999797
0.995483
0.999727
0.999807
0.208652
0.206244
0.203869
0.198249
0.214799
0.201211
0.188601
0.193919
0.201718
0.188484
0.218609
0.211319
0.211966
0.195243
0.198883
0.194869
0.210512
0.305948
0.287394
0.303751
0.298757
0.307062
0.28182
0.294027
0.295818
0.286273
0.303953
0.295941
0.312918
0.298929
0.298109
0.302127
0.300208
0.306948
0.29799
0.303458
0.309249
0.301444
0.303481
0.30626
0.305148
0.300776
0.300193
0.295621
0.296348
0.29322
0.294302
0.202104
0.201027
0.202699
0.195121
0.196741
0.207795
0.21785
0.190458
0.207946
0.200056
0.200847
0.211446
0.194301
0.197146
0.178367
0.204162
0.188525
0.194938
0.192722
0.201031
0.192887
0.205836
0.201766
0.208941
0.215637
0.201575
0.21375
0.200167
0.207482
0.197912
0.188468
0.194699
0.205662
0.204586
0.199519
0.195935
0.205551
0.21773
0.199292
0.196396
0.20009
0.187492
0.19347
0.299259
0.289846
0.28461
0.29046
0.280012
0.211821
0.190722
0.205133
0.177196
0.210159
0.197573
0.203651
0.192088
0.19875
0.1953
0.188715
0.207192
0.198587
0.198517
0.210552
0.996723
0.999861
0.00172474
0.000574391
0.000409328
2.17545e-05
0.000274913
5.37856e-05
0.000575175
9.50096e-05
4.57207e-05
0.000404768
0.000367285
0.00323448
0.999851
0.99907
0.99597
0.996685
0.186351
0.196417
0.183936
0.198304
0.195772
0.191004
0.220237
0.207763
0.193193
0.200336
0.179745
0.199057
0.193647
0.204032
0.212863
0.196922
0.197819
0.295953
0.297344
0.30314
0.303443
0.290498
0.320968
0.31004
0.310442
0.307971
0.289312
0.305547
0.28601
0.296722
0.309271
0.289737
0.299931
0.293883
0.28861
0.291956
0.290787
0.302924
0.290531
0.294143
0.295111
0.293007
0.29524
0.301138
0.308507
0.303471
0.211784
0.193579
0.213123
0.200079
0.203347
0.20104
0.196289
0.194989
0.210455
0.198768
0.202436
0.192981
0.194287
0.000486208
0.00161112
0.00632913
0.000536793
0.00479457
0.0055408
0.00167315
0.001688
0.00290665
0.00119222
0.000548468
0.192807
0.193205
0.197522
0.179128
0.205069
0.209941
0.194679
0.206551
0.193497
0.198708
0.197822
0.198709
0.203923
0.197545
0.187859
0.198592
0.188996
0.217347
0.184333
0.218087
0.205442
0.215145
0.201261
0.216674
0.203857
0.219218
0.188831
0.217012
0.200354
0.190025
0.184884
0.21396
0.197437
0.214546
0.193204
0.206312
0.194817
0.196157
0.201053
0.196843
0.999422
0.998846
0.00195853
0.00159373
0.000636684
0.000379023
0.00553766
0.0002393
0.000474425
0.000490939
0.0018914
0.000610662
0.000371928
0.00035228
0.998602
0.99958
0.999144
0.994205
0.21044
0.205571
0.204944
0.208164
0.200561
0.193559
0.196773
0.191165
0.217543
0.192821
0.212423
0.208357
0.202887
0.179322
0.191176
0.195009
0.193058
0.201328
0.304914
0.294032
0.310633
0.296569
0.279299
0.291024
0.296814
0.292414
0.305355
0.295757
0.307795
0.310055
0.299716
0.313548
0.290949
0.308224
0.315582
0.310157
0.308478
0.308714
0.294216
0.307472
0.294843
0.307412
0.301025
0.295699
0.308775
0.295428
0.19217
0.196449
0.192389
0.20028
0.21199
0.193908
0.193914
0.216347
0.184377
0.000621615
0.00129316
0.000520637
0.000161945
0.000681156
6.19943e-05
0.0042107
1.56551e-05
8.12982e-05
0
4.00167e-05
1.34548e-05
0
0.000601128
0.000309382
9.66127e-05
0.00794935
0.198301
0.208384
0.20422
0.189076
0.214193
0.200788
0.199393
0.191729
0.194142
0.200178
0.193154
0.206182
0.208691
0.204724
0.203755
0.193135
0.203398
0.194623
0.190603
0.194403
0.201793
0.186491
0.177817
0.204882
0.205875
0.181095
0.197326
0.216891
0.202345
0.19917
0.177146
0.209162
0.204819
0.192462
0.217634
0.191569
0.206747
0.204874
0.999611
0.998991
0.00313094
0.000238322
0.00019692
0.00209049
0.00405505
0.000681988
0.000391463
0.000111967
9.36808e-05
0.000165323
0.00236845
0.000131401
0.997296
0.999776
0.999661
0.999612
0.998068
0.199294
0.197467
0.197511
0.193324
0.20683
0.208399
0.199103
0.195136
0.200484
0.204693
0.174434
0.202592
0.219884
0.194813
0.223312
0.201244
0.203569
0.196464
0.28583
0.287766
0.306462
0.315195
0.308235
0.288256
0.317246
0.297634
0.307436
0.301596
0.28512
0.298096
0.2877
0.302963
0.306685
0.285569
0.290419
0.291167
0.304353
0.298551
0.305631
0.301999
0.300185
0.310549
0.290489
0.307133
0.199259
0.20192
0.208579
0.203784
0.197862
0.199504
0.000495596
8.62942e-05
0.00016806
0.000322068
0.00115239
8.80052e-05
0.000161261
0.000377068
0.000935136
0.000411421
0.00148818
0.000985179
0.00250429
0.00158919
0.00107147
4.56944e-05
8.74759e-05
0.00549624
0.000608722
0.00041302
0.00037626
0.00477205
0.187274
0.199519
0.199099
0.195241
0.200294
0.198463
0.215735
0.202501
0.220567
0.18778
0.20191
0.188043
0.195747
0.184922
0.214736
0.200546
0.204974
0.204848
0.191457
0.211739
0.19598
0.217183
0.185868
0.201315
0.21848
0.210656
0.172423
0.200146
0.211782
0.200532
0.199326
0.199429
0.19509
0.187255
0.206988
0.200536
0.193274
0.999336
0.998778
0.00484622
0.000280949
0.000616216
0.000399293
0.000127335
0.000282808
0.00639997
0.000193225
0.00017726
4.73762e-05
0.000659171
0.00268362
0.000136833
0.99954
0.999691
0.999756
0.999466
0.193805
0.204236
0.1948
0.208202
0.189726
0.194709
0.19187
0.205412
0.195204
0.19473
0.208507
0.205885
0.193606
0.195636
0.188123
0.205904
0.202052
0.202027
0.207902
0.309142
0.294272
0.297861
0.291702
0.305099
0.291872
0.289669
0.301274
0.295532
0.31833
0.307448
0.303276
0.302518
0.28913
0.307402
0.310285
0.30191
0.29175
0.301441
0.292785
0.297202
0.293591
0.297751
0.310902
0.1813
0.210919
0.189682
0.194971
0.198271
0.000411175
0.000279808
0.00058327
0.00433798
0.000302366
0.00350355
0.00241233
0.000129644
0.000217762
3.35052e-05
4.81175e-06
7.71381e-05
0.000857893
0.00117941
0.00265981
0.00302707
0.00708294
0.00841846
0.00281808
0.000134006
0.000916334
0.0004882
0.00431266
0.00148811
0.207979
0.198178
0.206413
0.201996
0.19318
0.203338
0.193731
0.19757
0.183394
0.194013
0.2046
0.204946
0.200919
0.210004
0.183638
0.201352
0.198131
0.193346
0.193148
0.193766
0.191537
0.209216
0.205303
0.209538
0.185347
0.198691
0.201044
0.2049
0.187234
0.200144
0.198739
0.195885
0.205089
0.201946
0.19758
0.207897
0.20028
0.998871
0.00642184
9.37427e-05
6.08999e-05
0.00129526
0.00135186
0.00016966
0.00235691
0.000813001
0.00424763
0.000256509
0.000337933
0.000925303
0.000339592
0.00187559
0.999231
0.999132
0.996712
0.996406
0.195898
0.202728
0.204911
0.212283
0.205301
0.197329
0.198799
0.205311
0.208679
0.185245
0.214551
0.189647
0.198839
0.201049
0.213897
0.186684
0.200436
0.196903
0.195164
0.198144
0.293875
0.308477
0.30458
0.293487
0.31286
0.30568
0.29397
0.303397
0.288568
0.292184
0.304524
0.300779
0.311703
0.304059
0.285296
0.304784
0.29012
0.312483
0.305113
0.292864
0.306572
0.304353
0.200167
0.201914
0.193484
0.00232565
0.00236722
0.00336051
8.07868e-05
0.000271598
0.000105955
0.000347305
0.00215446
0.000125622
0.000112959
0.00139445
0.00185978
5.80909e-05
9.87749e-05
0.00111549
0.000739008
0.00293789
0.00033721
0.00090713
8.3173e-06
2.12066e-05
4.52724e-05
0.0033448
4.62474e-05
1.83934e-05
0.000110527
0.00643005
0.206736
0.192902
0.195076
0.197396
0.20438
0.201822
0.209338
0.195483
0.215219
0.195864
0.189987
0.206805
0.188962
0.198239
0.211742
0.204919
0.197463
0.214718
0.197134
0.214058
0.201247
0.19791
0.181766
0.210254
0.185674
0.214223
0.192221
0.2017
0.187219
0.218667
0.176813
0.208885
0.200696
0.20212
0.210261
0.193585
0.995353
0.998632
0.000153944
0.000150505
0.000313799
0.00591023
0.000312099
0.00245241
0.0085529
0.000539046
0.000925135
0.000287168
0.00600335
5.6425e-05
0.00185579
8.96718e-06
0.994724
0.998696
0.999786
0.998095
0.208525
0.207779
0.194635
0.196054
0.194604
0.209404
0.211863
0.188153
0.194711
0.192595
0.212556
0.193264
0.218644
0.187879
0.209802
0.192099
0.206355
0.189506
0.2065
0.210853
0.197803
0.292419
0.312996
0.29364
0.306799
0.284362
0.304375
0.304159
0.317134
0.291066
0.299269
0.303047
0.296487
0.295313
0.306454
0.30004
0.313866
0.294211
0.298365
0.300458
0.297908
0.20411
0.188067
6.15793e-05
0.00054085
7.34661e-06
0.00144065
0.000310707
4.86815e-05
0.00202618
0.000431647
9.04528e-05
7.46072e-05
0.00579645
0.000231997
0.000252385
1.68224e-05
3.69723e-05
0.000949521
0.000925797
6.22177e-05
0.000330264
0.000931602
0.00066945
0.000574096
0.00100408
0.000317192
0.0015135
9.37332e-05
0.000173456
9.88596e-05
0.19148
0.193301
0.205888
0.200148
0.208867
0.210075
0.197362
0.196519
0.192057
0.185259
0.197105
0.215676
0.199305
0.205995
0.190184
0.189512
0.192498
0.213017
0.201515
0.198999
0.191765
0.203964
0.205679
0.208094
0.207438
0.186511
0.215539
0.192654
0.200879
0.190371
0.221045
0.206584
0.189623
0.199079
0.178494
0.194575
0.207966
0.991945
0.999629
0.000289487
0.000257061
0.000892661
0.000183359
0.00199322
0.00161876
0.000994486
0.000397015
4.27938e-05
4.63005e-05
0.000170366
0.000214799
0.00372727
0.00219289
0.00324302
0.999809
0.999827
0.999632
0.996615
0.183134
0.193455
0.207672
0.194214
0.202164
0.188447
0.198615
0.211881
0.217129
0.197075
0.178928
0.193019
0.197649
0.200009
0.201052
0.205754
0.198517
0.196035
0.186263
0.209133
0.192065
0.203354
0.287126
0.296892
0.299882
0.300807
0.296338
0.29368
0.292896
0.306135
0.298479
0.302831
0.299718
0.291629
0.291325
0.290707
0.309104
0.291018
0.211163
0.191856
0.000306903
0.00457624
3.63215e-05
1.57787e-06
1.57787e-06
4.10728e-06
1.57787e-06
0.000367231
1.63766e-05
0.0042216
6.52874e-05
1.57787e-06
0.000246872
0.000299589
0.00149582
0.000142966
0.000167662
0.000308563
7.52432e-05
5.08841e-05
0.000114585
0.000237283
0.002315
0.00335496
0.00323886
0.00109739
0.00213786
0.000325258
7.12846e-06
2.46804e-05
0.197237
0.212808
0.180859
0.204453
0.199969
0.194418
0.19678
0.196839
0.211596
0.222892
0.188442
0.207541
0.180508
0.217583
0.19764
0.205862
0.209502
0.186637
0.190897
0.196366
0.208846
0.195198
0.209955
0.169893
0.208891
0.197141
0.198248
0.180193
0.220335
0.192567
0.187934
0.197897
0.214727
0.213941
0.215256
0.217164
0.205998
0.999302
0.000153866
0.000233284
0.00436338
0.00180294
0.000140284
0.000333272
6.88228e-05
0.000273564
0.00169196
0.000376367
4.07633e-05
3.13623e-05
0.000796208
0.000783977
0.00020432
0.005639
0.999879
0.998603
0.995483
0.999824
0.221164
0.21674
0.202457
0.195455
0.190223
0.207119
0.206833
0.191298
0.197823
0.19735
0.208
0.199035
0.215199
0.190481
0.205853
0.183386
0.196153
0.206029
0.200341
0.209175
0.188775
0.209646
0.216016
0.219059
0.284121
0.312711
0.296034
0.302626
0.30872
0.293589
0.298301
0.285419
0.297852
0.324159
0.300312
0.204857
0.199403
0.199712
0.194675
0.00273176
5.06729e-05
0.00319106
0.000363381
0.000129184
0.00102487
0.000404107
0.000915798
9.46135e-05
0.000620566
5.26278e-05
0.00752804
7.15477e-05
0
0
1.59411e-05
9.36683e-05
7.72189e-05
0.00884049
0.00464933
0.00112275
0.00411033
1.89287e-05
3.10807e-05
3.37173e-06
1.67088e-05
0.00186667
0.00108375
0.000144572
0.00766346
0.192439
0.206475
0.186645
0.214044
0.186186
0.200488
0.185187
0.206364
0.199829
0.195809
0.183374
0.192243
0.207355
0.198357
0.196669
0.197882
0.197674
0.201295
0.208875
0.201906
0.209669
0.185758
0.199813
0.207046
0.197075
0.200742
0.207729
0.209726
0.201651
0.205517
0.198501
0.199649
0.195471
0.19186
0.188655
0.181064
0.176249
0.992961
0.998176
6.10208e-05
0.00121383
0.000204084
0.000900823
3.63273e-05
0.000404135
0.000166513
0.000383319
0.00334629
0.00222922
0.000423663
0.00120303
0.00103388
0.000205155
0.00013983
0.00219393
0.996811
0.999184
0.999243
0.999108
0.985068
0.172216
0.186657
0.206274
0.211237
0.192806
0.201053
0.194107
0.205548
0.195307
0.208851
0.188504
0.206722
0.188992
0.20569
0.220857
0.188883
0.205207
0.194037
0.201991
0.204419
0.195102
0.171985
0.187716
0.209774
0.191369
0.179532
0.202485
0.196039
0.212996
0.188218
0.209649
0.212318
0.185907
0.187902
0.194321
0.196892
0.00206247
3.69459e-05
0.00473144
0.000470683
0.000130219
0.00316054
5.03623e-05
0.000150724
5.26387e-05
0.000178257
0.00243927
0.000387051
0.000540695
0.000131604
0
9.01031e-05
0.000279364
0.000328245
0.000156102
0.000462141
0.000147042
0.000182751
0.000570327
0.000576123
0.000656328
0.000332927
0.00701015
0.00167097
0.00015449
0.000137697
0.0039034
0.192454
0.199885
0.205114
0.204764
0.201626
0.213005
0.196943
0.203872
0.216349
0.19212
0.223147
0.193874
0.225918
0.185019
0.206767
0.190613
0.204691
0.186359
0.1891
0.207084
0.189363
0.204233
0.196932
0.215533
0.186863
0.208018
0.209767
0.191663
0.194896
0.208816
0.177996
0.213424
0.193225
0.217759
0.207037
0.212389
0.222939
0.214315
0.99992
0.999055
0.000173153
0.00183526
0.000828221
0.000266387
0.000282287
0.00184746
0.000482918
0.000612266
0.000204857
0.000351846
0.000141442
0.00131885
0.00184856
0.000765763
0.000359263
0.000178075
0.000709857
0.995268
0.999807
0.999822
0.999643
0.227726
0.206341
0.202684
0.193029
0.194649
0.2127
0.196546
0.200046
0.192425
0.197167
0.201575
0.185605
0.201055
0.204005
0.188954
0.203098
0.204301
0.190881
0.202394
0.200235
0.201144
0.207771
0.221816
0.192538
0.207671
0.211309
0.207751
0.200113
0.197867
0.204107
0.20157
0.197529
0.22338
0.211245
0.190722
0.00024198
0.000646529
0.000522225
0.000151528
0.000988859
0.00067621
0.00115847
0.000135558
0.000354467
0.000148122
0.000913326
0.000366804
0.000247916
0.000428125
0.000187032
0.00270037
0.000485804
0.00129702
0.000603017
0.000122152
0.000434141
0.000400949
0.000367904
0.0069377
0.00120006
0.000391833
8.08323e-05
0.000983708
0.00042576
0.0002636
0.000188759
0.200724
0.194773
0.20623
0.196279
0.19866
0.193206
0.199858
0.19203
0.184937
0.193497
0.195483
0.1895
0.197577
0.197461
0.18582
0.217604
0.210443
0.209399
0.195249
0.209983
0.200021
0.190056
0.203729
0.198419
0.194559
0.206912
0.197278
0.188923
0.211693
0.190535
0.212523
0.189756
0.202243
0.202639
0.178277
0.196207
0.18106
0.191724
0.992823
0.999733
0.0072243
0.000596115
0.00103327
0.000958873
0.00184646
0.000864333
0.0001795
0.000945443
8.21064e-06
0
0.000905052
0.000341811
7.19153e-05
9.35772e-05
0.00292644
0.000550805
0.000489305
0.000377533
0.999235
0.999251
0.998625
0.999061
0.991906
0.184416
0.202776
0.195248
0.210285
0.187224
0.193523
0.193494
0.211209
0.207052
0.206878
0.212326
0.2013
0.198755
0.191573
0.208593
0.192786
0.208233
0.199416
0.198132
0.207999
0.189961
0.184588
0.207305
0.198858
0.197104
0.196161
0.192572
0.20219
0.192297
0.187204
0.203682
0.192777
0.188139
0.00868483
0.000394727
0.000122962
0.00235679
1.12046e-05
3.29652e-05
0.000126013
0.00238172
0.00216076
0.000179082
0.000298161
0.00144289
0.00370706
0.000507881
0.000161935
0.00132861
0.00185849
0.00011294
0.000102976
0.00598273
0.00220959
0.000136801
0.000147621
0.000192869
7.45192e-05
2.42894e-05
0.000307853
9.10763e-05
0.000595399
0.00380398
0.185922
0.20036
0.205456
0.203268
0.194946
0.1953
0.193889
0.205818
0.195969
0.207538
0.216914
0.206068
0.207122
0.193039
0.208749
0.199435
0.20424
0.197858
0.191176
0.196985
0.201367
0.200863
0.192888
0.214471
0.197992
0.193705
0.192388
0.205812
0.19837
0.200737
0.200321
0.196894
0.196963
0.186699
0.225675
0.206591
0.204976
0.211289
0.202442
0.218082
0.999473
0.982712
6.96954e-05
0.000554114
0.00223888
0.00266512
0.000267118
0.000357641
0.000184613
0.000491255
0.000363737
5.50424e-05
0.000913195
0.000130532
0.000282562
0.000368015
0.00270621
0.000397195
0.00275859
0.000339945
0.00279011
0.999813
0.999506
0.998587
0.999821
0.215962
0.201098
0.193396
0.196495
0.198714
0.200554
0.201908
0.192388
0.185648
0.195102
0.195771
0.217234
0.1912
0.214149
0.182211
0.210082
0.185641
0.215385
0.197342
0.187932
0.211706
0.215368
0.19948
0.186233
0.20614
0.194755
0.200559
0.201982
0.208567
0.204077
0.192956
0.203542
0.00675512
0.0082975
0.000186295
2.18571e-05
2.38099e-05
0.000297954
0.0058267
0.00080713
0.000183113
0.00128584
0.000189068
1.09439e-05
0.00126821
0.0017087
0
0
2.0753e-05
7.91323e-05
0.000363196
0.000211736
0.000788815
0.00116664
0.000160575
0.00174675
5.14314e-05
0.0029374
0.000105958
0.00334961
0.000623625
0.000199509
0.198903
0.210641
0.194898
0.193012
0.209122
0.187161
0.206853
0.197084
0.202727
0.199339
0.201147
0.196097
0.192129
0.19645
0.201128
0.193948
0.191256
0.203731
0.195545
0.207428
0.201199
0.201593
0.187449
0.210178
0.200708
0.194225
0.202687
0.210694
0.187791
0.190614
0.200905
0.206036
0.199955
0.212253
0.196436
0.180715
0.189941
0.199707
0.197827
0.186026
0.989987
0.999281
0.0178524
6.52122e-05
5.99083e-05
9.44929e-05
0.00135947
0.000342343
9.14478e-05
0.000482967
0.000244809
0.0011084
0.000517146
0.00409584
0.000998886
0.00025514
0.000327156
0.000133446
0.000246235
1.4474e-05
0.000482788
0.000333497
0.991538
0.999859
0.999725
0.999741
0.986859
0.188622
0.207751
0.211839
0.193936
0.205651
0.20638
0.20693
0.195946
0.211162
0.189449
0.201118
0.177668
0.221842
0.199071
0.213705
0.196437
0.186564
0.192362
0.197819
0.207069
0.180743
0.198235
0.201403
0.205509
0.21071
0.203453
0.184924
0.200758
0.192472
0.205435
0.190938
0.00278024
0.00190583
7.4855e-05
0.000356684
0.000294116
0.000104585
0.00111276
0.00226883
0.000279582
0.000217798
0.000761868
0.000102099
1.91462e-05
0.000103753
1.47207e-05
1.19608e-05
8.01869e-06
0.000757228
0
0
0.00106317
0.000327922
0.000281786
0.00026527
0.000364208
0.000173496
0.00111617
0.00569503
0.204468
0.192848
0.201978
0.191426
0.204302
0.201735
0.194506
0.211644
0.198155
0.205702
0.197899
0.200388
0.187977
0.201603
0.210033
0.193729
0.20943
0.205131
0.211735
0.201633
0.194028
0.203731
0.197957
0.20187
0.205425
0.185291
0.203461
0.192275
0.211324
0.189129
0.209802
0.202528
0.206798
0.194799
0.196305
0.19568
0.213789
0.201327
0.20043
0.200702
0.205204
0.217646
0.997586
0.995809
0.00115642
0.000176362
0.000703453
0.000157663
0.000257396
0.000600391
0.0123309
0.00118585
0.0091553
0.000586226
0.00336356
0.000465045
8.45018e-05
0.00637185
0.000111588
0.000678783
0.00151261
0.000163538
0.00021022
0.0020185
0.000238001
0.998786
0.999653
0.999786
0.999699
0.214139
0.201416
0.190382
0.19002
0.200203
0.19528
0.201623
0.199366
0.201671
0.202397
0.202248
0.201665
0.193605
0.177735
0.205372
0.203462
0.209744
0.210018
0.210589
0.197263
0.211885
0.190786
0.197358
0.199594
0.204463
0.185141
0.208277
0.207033
0.194551
0.193258
9.34038e-05
0.000261298
0.00454249
0.000315193
0.000599957
0.00219588
0.00516671
0.00194418
0.000426891
7.30625e-05
3.19408e-05
0.00107665
0.000139196
0.000370261
0.00402115
0.000363484
0.0001413
0.0015072
0.00018924
0.00242449
0.00158681
4.94357e-05
1.89383e-05
0.000272602
0.000832618
0.00480226
0.00307685
0.193909
0.191992
0.204872
0.207916
0.198518
0.208582
0.197618
0.205065
0.199465
0.19199
0.203364
0.197103
0.208774
0.198157
0.213092
0.191682
0.202833
0.203616
0.194965
0.185011
0.196321
0.20994
0.195679
0.203779
0.18259
0.200303
0.208654
0.183554
0.210734
0.203002
0.217589
0.186961
0.193844
0.198762
0.191142
0.209137
0.205275
0.190004
0.204614
0.20495
0.194159
0.19536
0.189805
0.997811
0.997634
0.000119799
0.00132181
0.000547377
0.00117947
0.00131892
0.000738395
0.00320265
0.000509387
0.000185198
0.000126093
0.000182072
0.000164307
0.00197045
0.000189781
0.000109797
0.000483923
0.0003345
0.00278156
0.00151782
0.00720749
2.5034e-05
9.73948e-05
0.0091681
0.994597
0.997052
0.9995
0.986913
0.201818
0.202818
0.21395
0.20237
0.182378
0.199327
0.189622
0.217034
0.186507
0.196956
0.209347
0.208043
0.213126
0.213698
0.193466
0.178632
0.187692
0.198875
0.190174
0.18213
0.203442
0.212282
0.198761
0.195613
0.197681
0.198102
0.190572
0.205864
0.209578
0.00276097
1.74302e-05
1.34421e-05
2.21309e-05
0.00328573
4.50731e-05
5.56696e-05
0.000190629
0.000205465
0.000751398
9.44413e-05
0.000481343
0.000165007
0.00147469
0.00211699
1.27846e-05
0.000160372
0.000289302
0.00118607
0.00584682
8.97985e-05
7.20387e-05
0.00105073
0.00157867
0.196914
0.190929
0.199244
0.20028
0.20285
0.199467
0.198929
0.190732
0.189467
0.209788
0.196044
0.212065
0.195735
0.206108
0.194045
0.195573
0.198229
0.189585
0.203445
0.184475
0.202929
0.186702
0.223513
0.20492
0.182951
0.208606
0.196666
0.222474
0.196808
0.20755
0.197595
0.207365
0.18902
0.196659
0.195208
0.215151
0.207004
0.203953
0.194372
0.218011
0.192921
0.198492
0.185432
0.2039
0.21503
0.998597
0.999266
0.00591724
0.000123497
0.00110412
0.00106294
0.00660558
0.000507249
0.000183475
0.00156595
5.09859e-05
2.46086e-05
0.000289717
0.00337769
0.00353977
0.000760595
0.00231635
0.000393909
0.0015841
9.07839e-05
1.40231e-05
3.75508e-05
0.00364206
0.000585837
0.000127012
0.00017994
0.99768
0.997765
0.999405
0.999722
0.987106
0.196398
0.188314
0.19082
0.215711
0.196357
0.219248
0.183447
0.210329
0.197514
0.191705
0.194332
0.183159
0.191156
0.196105
0.226266
0.214205
0.205902
0.191898
0.212478
0.199507
0.207936
0.184633
0.21397
0.195302
0.2056
0.201505
0.200417
0.203163
1.70834e-05
1.97741e-05
0
0
0.00454441
5.52548e-05
3.51935e-05
0.000218074
6.08437e-05
6.14374e-05
0.00446401
0.000177724
0.000359382
0
3.78652e-05
0.000163786
9.57414e-07
5.40012e-05
0.00525983
0.00310208
0.000215297
0.000334841
0.19448
0.19152
0.221816
0.198014
0.197472
0.214469
0.189383
0.205925
0.185659
0.213543
0.208949
0.196651
0.19306
0.19537
0.186265
0.198699
0.199873
0.212785
0.18538
0.202724
0.192475
0.220401
0.19416
0.214934
0.177587
0.194654
0.204153
0.200735
0.190335
0.196453
0.196937
0.19835
0.206737
0.204047
0.186023
0.211005
0.199133
0.19578
0.207032
0.200766
0.190435
0.191481
0.201047
0.21068
0.1935
0.196074
0.200036
0.999579
0.990218
0.000702641
0.0008928
0.000339952
0.000508951
0.000338582
0.00219955
0.00046524
0.000109587
0.000260644
0.00346995
0.00113927
0.000243501
6.20456e-05
0.00125818
0.00284459
8.98146e-05
0.000817449
0.000396207
0.000352923
0.000382017
0.000151721
0.00112156
0.00198154
0.000258198
0.00299352
0.999743
0.999892
0.999354
0.998675
0.219394
0.200491
0.205124
0.195571
0.192226
0.18794
0.195251
0.211178
0.19038
0.209838
0.201645
0.209764
0.196843
0.203199
0.191031
0.185147
0.193047
0.207266
0.203366
0.186464
0.186258
0.211549
0.181099
0.20487
0.206137
0.206461
0.206785
0.179905
0.203108
0.00302645
0.00426805
0.000221081
0.00313417
0.000231147
1.6143e-05
0.000149395
0.00233192
0.000114853
0.00104453
0.000268983
0.000809687
0.00223069
0.00626123
0.0012638
0.00109661
0.019051
0.19602
0.201586
0.206727
0.214567
0.194638
0.214792
0.180133
0.200432
0.195988
0.190207
0.221355
0.181346
0.208451
0.185933
0.20567
0.200068
0.205505
0.201648
0.21169
0.203989
0.187383
0.20231
0.206108
0.212962
0.199455
0.192521
0.204404
0.195597
0.217526
0.202896
0.189158
0.198159
0.2123
0.20579
0.19787
0.199296
0.194636
0.188868
0.19871
0.191389
0.207982
0.196601
0.199561
0.189596
0.213709
0.201588
0.208194
0.195248
0.211427
0.199856
0.999861
0.999331
0.000668486
0.000311606
0.000296953
0.00149633
0.000256674
0.00028458
0.000443555
0.000181194
3.17426e-05
0.000223114
0.00322051
0.000974907
8.81828e-05
0.00150124
0.000310867
0.000272699
0.000583049
0.00116088
0.00273302
0.00118384
0.00018173
0.000184366
0.000321977
0.00121584
0.00180125
0.000319449
0.000532919
0.999547
0.999493
0.997704
0.99948
0.190413
0.203412
0.202285
0.205667
0.206794
0.202972
0.198348
0.208451
0.200566
0.189088
0.189249
0.211879
0.194301
0.203699
0.215161
0.205802
0.195785
0.185992
0.212298
0.202605
0.211784
0.215712
0.203169
0.186481
0.200661
0.168461
0.226457
0.204744
0.18734
0.203015
0.184341
0.00023504
0.000207495
0.00637608
0.00584606
0.00307357
0.000335107
0.00101597
0.00977093
0.00587921
0.19838
0.18951
0.192157
0.200342
0.183593
0.194726
0.21014
0.189144
0.189724
0.198481
0.189591
0.202888
0.203357
0.216077
0.189072
0.187459
0.210833
0.201135
0.213156
0.185973
0.215488
0.190758
0.212225
0.193221
0.202444
0.201109
0.20454
0.192614
0.195786
0.195648
0.19581
0.211421
0.185402
0.188111
0.21211
0.197807
0.189268
0.188107
0.195426
0.198938
0.206107
0.21292
0.204713
0.216497
0.202287
0.205467
0.191873
0.20572
0.196606
0.193334
0.181357
0.214138
0.180062
0.196593
0.999058
0.999052
0.00134477
0.00811925
0.000287597
0.00254608
0.000125098
0.00184526
3.39035e-05
0.00015942
0.0012795
0.000454004
0.000113299
0.00043023
0.00106764
8.01358e-05
0.000563664
0.00122693
0.0010105
0.000113182
3.85349e-05
0.000877334
0.000285623
0.00529484
0.00631461
0.000414047
5.26237e-05
0.000468568
0.00153848
9.70421e-05
6.98864e-05
0.99802
0.998817
0.999475
0.999668
0.199253
0.207295
0.188455
0.205821
0.189512
0.188337
0.198621
0.212466
0.188776
0.228049
0.169928
0.224014
0.180479
0.196673
0.195736
0.211556
0.199738
0.200885
0.202103
0.179285
0.201537
0.176536
0.221445
0.194236
0.222355
0.181106
0.195842
0.210268
0.195543
0.204141
0.199294
0.20402
0.198243
0.19483
0.20021
0.195221
0.202723
0.192239
0.195626
0.195974
0.207672
0.204937
0.208593
0.207719
0.204105
0.18581
0.209237
0.200093
0.206515
0.20985
0.19911
0.20765
0.181111
0.211783
0.198899
0.195711
0.196706
0.195241
0.196075
0.201834
0.198629
0.196402
0.200945
0.200622
0.183121
0.204917
0.196706
0.206759
0.209044
0.19534
0.190213
0.219787
0.2084
0.185156
0.208845
0.212907
0.191056
0.217796
0.200711
0.178019
0.203435
0.17357
0.215107
0.194016
0.202992
0.174606
0.208467
0.206774
0.218816
0.194389
0.202601
0.20851
0.999354
0.999657
5.3748e-06
6.07999e-05
9.48877e-05
9.58468e-05
0.000534389
0.00133045
0.000278586
0.000240396
0.000416746
0.00073956
0.00181099
0.000378192
0.000473213
0.000318114
0.000312153
9.07712e-05
0.000771462
0.000407183
0.00406516
4.16186e-05
2.21488e-05
7.67116e-05
9.31261e-05
6.96591e-05
0.000440361
0.00184349
7.74966e-05
0.00073727
5.44713e-05
5.23988e-05
0.00613995
0.998615
0.993232
0.99869
0.998723
0.197338
0.19597
0.204867
0.196859
0.222749
0.182957
0.216039
0.187591
0.202417
0.212711
0.176282
0.21
0.197486
0.215626
0.181414
0.2161
0.193837
0.205879
0.204659
0.205799
0.213122
0.191918
0.187981
0.196403
0.205874
0.207351
0.192118
0.189537
0.21003
0.202149
0.207755
0.202261
0.199621
0.199072
0.208919
0.185569
0.218203
0.186282
0.213846
0.190628
0.193321
0.195415
0.19727
0.205788
0.191268
0.201955
0.203121
0.198675
0.20198
0.193389
0.191053
0.206415
0.199024
0.207385
0.196964
0.211029
0.200298
0.200171
0.197467
0.202012
0.194488
0.183062
0.220769
0.214509
0.203069
0.18743
0.192723
0.197111
0.208772
0.19875
0.192809
0.185813
0.213669
0.198432
0.194114
0.197459
0.192398
0.190882
0.210905
0.211533
0.190404
0.208331
0.191445
0.217786
0.205203
0.196399
0.177607
0.19116
0.204309
0.188416
0.999497
0.999171
0.0018149
0.000203507
0.000137724
0.00015277
0.000193452
9.2631e-05
5.90082e-05
8.95374e-05
0.00153775
0.000333537
0.00181992
0.00013028
0.00035855
0.00114433
0.000200889
0.000635942
9.027e-05
0.00119149
0.000430274
6.35168e-05
0.00373153
0.000366533
9.64047e-05
0.000537546
0.000493556
1.16511e-05
2.44651e-05
0.00188282
0.000371324
0.000423503
1.92357e-05
0.0001838
0.999745
0.997447
0.999206
0.998237
0.998584
0.203123
0.19901
0.200529
0.200123
0.188094
0.195162
0.202918
0.194023
0.202846
0.201174
0.197981
0.206527
0.181194
0.188159
0.20183
0.204028
0.202403
0.188596
0.198907
0.18482
0.206054
0.211076
0.200417
0.198519
0.196796
0.195423
0.217651
0.198281
0.196709
0.188373
0.198071
0.200785
0.190542
0.207594
0.198963
0.198119
0.19474
0.195797
0.212581
0.209188
0.20122
0.19788
0.203789
0.196728
0.19811
0.188598
0.210467
0.188319
0.214874
0.202391
0.200018
0.200613
0.197155
0.195454
0.192328
0.198875
0.200926
0.201786
0.190621
0.217028
0.192067
0.173578
0.211996
0.20058
0.211953
0.200754
0.197032
0.20092
0.193592
0.203471
0.215196
0.192346
0.201807
0.195086
0.214951
0.203807
0.195687
0.200579
0.211675
0.200645
0.201653
0.191828
0.189044
0.200835
0.225841
0.209109
0.206169
0.207752
0.996355
0.999507
0.999297
0.000234082
0.00239514
0.000261726
0.0012916
0.00592009
0.00011638
0.000484342
0.000334714
0.0036019
0.00060429
0.000375639
0.00200979
0.000933709
0.000171054
0.000374535
2.13051e-05
0.00150004
0.000407285
0.000779337
0.0025146
0.000145121
0.000719375
0.00423915
6.27873e-05
0.000266173
0.00226654
0.00126649
0.00446944
0.00245821
6.95212e-05
0.000142858
0.00218904
0.0021794
0.999812
0.999751
0.999755
0.998773
0.995978
0.199051
0.190192
0.211747
0.194109
0.217976
0.18729
0.20813
0.197204
0.206392
0.204584
0.197407
0.208106
0.209736
0.20148
0.180174
0.210177
0.190661
0.211851
0.201888
0.206931
0.187817
0.198737
0.190391
0.199737
0.214125
0.200088
0.190685
0.209878
0.204838
0.202511
0.192847
0.213984
0.197395
0.198542
0.196109
0.203953
0.210348
0.188534
0.196103
0.202244
0.210241
0.187467
0.198971
0.205743
0.196231
0.209218
0.20681
0.186585
0.209087
0.195078
0.205051
0.206715
0.206863
0.198398
0.202359
0.203264
0.201442
0.203874
0.185736
0.223188
0.189825
0.201354
0.183997
0.199505
0.19911
0.201484
0.20075
0.19909
0.208875
0.185554
0.21886
0.194243
0.19195
0.190723
0.193647
0.202374
0.201698
0.187612
0.192936
0.200694
0.196245
0.20972
0.180057
0.181098
0.187387
0.190771
0.999299
0.999377
0.993991
0.00747659
0.000208485
0.000329134
0.00384393
0.00100591
0.000252514
0.000476135
7.84557e-05
0.000131781
0.000698188
0.000341641
0.0040981
0.00209787
0.000271632
0.00410314
0.000220676
0.000881344
0.00499026
0.000399575
0.000575609
0.000594743
0.00238854
0.00132893
0.000128144
0.00116062
0.000223441
7.79333e-05
0.00171882
0.000112938
0.00122503
0.000140481
0.00146134
0.000145824
0.000212747
0.000301563
0.00438803
0.998419
0.997627
0.998943
0.999331
0.206074
0.185088
0.211705
0.184941
0.20543
0.18971
0.192241
0.201667
0.187424
0.207904
0.178885
0.21459
0.179451
0.210567
0.193831
0.196521
0.201612
0.204138
0.19244
0.210272
0.202645
0.201823
0.204061
0.199421
0.18926
0.196232
0.193283
0.199698
0.196722
0.191867
0.199603
0.194827
0.199413
0.195821
0.195489
0.19517
0.20645
0.191948
0.197369
0.200499
0.200225
0.203493
0.192978
0.208775
0.183593
0.211399
0.201907
0.193882
0.202186
0.182783
0.199437
0.194617
0.206927
0.19228
0.197928
0.202694
0.198253
0.198926
0.196198
0.209888
0.174491
0.223501
0.201532
0.197225
0.204288
0.197935
0.202935
0.183141
0.199421
0.191701
0.203516
0.213335
0.193314
0.203828
0.202656
0.195246
0.206814
0.207084
0.198314
0.205792
0.207999
0.21236
0.203881
0.214635
0.999017
0.999509
0.0132064
0.000577026
1.36107e-05
0
4.57109e-05
2.32572e-05
1.86432e-05
6.65155e-05
0.00186701
0.00163503
0.000310131
0.000351221
0.000254384
0.00156124
4.9771e-05
0.000893184
0.000904122
0.000164807
0.000648032
0.000684724
0.000305652
8.44418e-05
0.0015899
0.00457498
0.00173006
0.000105336
3.06491e-05
0.000168439
0.00142489
0.000236886
0.000394566
0.000385956
0.000130983
0.000289325
0.00923299
8.88303e-05
9.53097e-05
0.000133584
3.01066e-05
0.997337
0.999263
0.999545
0.997439
0.202611
0.204033
0.195913
0.209118
0.200934
0.198421
0.209978
0.196011
0.21168
0.197521
0.225126
0.187024
0.191487
0.194759
0.215688
0.193113
0.199324
0.200254
0.19628
0.190061
0.205045
0.18972
0.192706
0.208891
0.198726
0.205097
0.193528
0.20985
0.204435
0.202568
0.197635
0.194605
0.214576
0.19692
0.20365
0.201692
0.204802
0.199346
0.205155
0.187265
0.200896
0.207486
0.195825
0.208548
0.185237
0.205627
0.202331
0.214753
0.195721
0.20541
0.186611
0.215648
0.198885
0.196885
0.192682
0.202633
0.197684
0.193198
0.208465
0.204085
0.196597
0.197191
0.217123
0.185848
0.194982
0.218688
0.184381
0.209384
0.194259
0.205521
0.188775
0.200531
0.206402
0.18665
0.20199
0.191243
0.200877
0.198369
0.18956
0.186818
0.188845
0.193982
0.997344
0.99956
0.00292052
0.00249257
0.000104656
0.000420277
0.000326946
0.00016745
3.60477e-06
3.74515e-05
0.000544758
0.000110189
1.30485e-05
0.00067621
0.00024744
0.000250888
0.000932411
5.19187e-05
0.000514649
4.03584e-05
0.00410697
0.000903371
0.000133614
0.000114338
0.00251168
0.000311645
0.000162925
4.25588e-05
0.000257503
0.000211173
0.00108982
0.000625987
0.002104
7.04159e-05
6.26203e-05
0.00150553
0.000155752
0.00022267
0.000268845
5.29915e-05
0.00312802
6.20277e-05
9.14796e-05
0.999177
0.999322
0.99904
0.996351
0.994311
0.207436
0.184212
0.200266
0.203671
0.180418
0.205915
0.203548
0.182982
0.183349
0.198652
0.223784
0.202125
0.199482
0.200018
0.188066
0.209219
0.197922
0.209949
0.198309
0.206535
0.210592
0.191803
0.214711
0.189756
0.198117
0.206416
0.195901
0.196343
0.202643
0.200449
0.192566
0.201331
0.1986
0.207629
0.19258
0.197286
0.183282
0.2098
0.189479
0.193481
0.200047
0.198367
0.202807
0.197787
0.202922
0.185945
0.20635
0.200258
0.192194
0.200689
0.214498
0.19236
0.199765
0.195461
0.200749
0.193014
0.210025
0.197788
0.20618
0.190539
0.180902
0.223676
0.199648
0.194451
0.194556
0.204885
0.202353
0.192928
0.212398
0.216622
0.189042
0.207586
0.207092
0.193936
0.206277
0.18842
0.217542
0.195627
0.213728
0.997455
0.999428
0.000493259
0.000167304
0.00125772
0.000418509
0.00129371
0.00650188
0.00147609
0.00046682
0.000879052
0.00447743
2.29487e-05
3.54396e-05
0.00627004
1.09663e-05
0.00145223
0.00136822
0.000206498
2.40743e-05
0.00325612
0.000437441
0.0012596
0.0001847
0.00257171
9.14957e-07
0.00124952
3.66401e-05
0.000107664
0.000236614
0.000140194
0.00179634
4.80488e-05
8.09683e-05
0.000554724
0.00440672
0
0.000377641
4.51409e-05
0.00020485
0.000199833
0.000160098
0.000796751
0.000120588
0.00186441
0.998684
0.999645
0.999454
0.999164
0.997805
0.213146
0.187427
0.204023
0.205523
0.197303
0.205934
0.206828
0.240294
0.170621
0.210405
0.184172
0.184973
0.216747
0.202392
0.197956
0.183346
0.205337
0.199211
0.203406
0.184393
0.200432
0.204334
0.190706
0.200322
0.193666
0.200076
0.197275
0.199042
0.207968
0.197389
0.19905
0.198081
0.195069
0.203614
0.206819
0.204829
0.200016
0.201356
0.208152
0.200994
0.204379
0.210325
0.191053
0.190366
0.207786
0.210205
0.193244
0.20866
0.197025
0.179702
0.215183
0.190496
0.206431
0.20483
0.189776
0.197042
0.190654
0.204903
0.217174
0.202803
0.193188
0.181097
0.233872
0.183962
0.198522
0.197476
0.213313
0.177545
0.209544
0.18828
0.193183
0.196848
0.20337
0.222099
0.188616
0.198978
0.99136
0.999098
0.99863
6.15971e-05
0.000275938
0.000299506
0.00162683
0.00536937
0.00158393
0.000119188
0.000447161
0.0014738
0.000442597
0.000164184
0.000639483
0.000557155
0.00136155
0.000136604
0.000733023
0.000976171
3.30501e-05
0.0103772
0.000196237
0.000150773
6.64579e-05
0.000261115
9.55643e-05
0.00113078
0.000287879
0.000428507
0.00108021
0.000112253
0.000290776
0.000226382
1.06808e-05
4.22262e-05
0.000102178
0.00110672
0.00254757
0.000247863
0.00127427
0.00402675
0.00213711
0.000235307
0.00255606
0.000339078
0.00087905
0.000185768
0.996861
0.999729
0.999953
0.999848
0.983897
0.220258
0.180653
0.208379
0.204461
0.185945
0.195865
0.190706
0.192767
0.205088
0.213618
0.210447
0.18524
0.196272
0.203207
0.22084
0.187552
0.208092
0.196123
0.20192
0.213088
0.18487
0.214415
0.195022
0.211272
0.190057
0.201138
0.192328
0.210399
0.198674
0.215165
0.196387
0.199349
0.194078
0.196996
0.194438
0.209112
0.202785
0.194066
0.193783
0.202366
0.186997
0.201818
0.205959
0.205417
0.190781
0.198072
0.203344
0.194003
0.206726
0.212894
0.193293
0.203474
0.190347
0.218933
0.193474
0.219068
0.173218
0.203163
0.192034
0.215744
0.201388
0.179773
0.208889
0.194813
0.208811
0.199377
0.200433
0.208296
0.205
0.204631
0.20552
0.198355
0.182198
0.21873
0.99382
0.99976
0.996971
0.000478587
0.00131835
0.00134057
0.00396435
0.000179618
0.000153801
9.8615e-05
0.000246692
2.14715e-05
8.40008e-05
0.00108155
0.00296896
0.000167475
9.88712e-05
0.000353423
0.000312847
0.000901597
0.0005345
0.000420244
0.001579
0.0005062
0.000669784
0.0026622
0.000240769
0.00169865
0.000911114
0.000352068
0.000220481
0.00171401
0.000171724
0.0106158
0.000146973
0.00128085
0.000974021
0.001195
0.00123894
0.0010534
0.00270357
0.00192859
0.00220252
0.000399385
0.000752737
0.00047017
0.000292533
2.46046e-05
0.000120565
0.000295252
0.00351628
0.999702
0.99968
0.999805
0.999783
0.99648
0.202371
0.192444
0.234273
0.170315
0.228539
0.194217
0.196805
0.185065
0.196586
0.181933
0.225339
0.201445
0.184298
0.221977
0.188019
0.189253
0.211393
0.179128
0.221405
0.189253
0.209114
0.183166
0.205395
0.209473
0.195312
0.193453
0.199651
0.184583
0.198663
0.199179
0.205465
0.202966
0.201216
0.190228
0.200813
0.204986
0.192731
0.210011
0.18679
0.209456
0.191406
0.195458
0.21342
0.199487
0.207429
0.19894
0.18606
0.193843
0.20098
0.20638
0.188023
0.214799
0.183306
0.208523
0.188015
0.213186
0.186495
0.199896
0.198903
0.223534
0.171869
0.213826
0.199645
0.206673
0.210012
0.186512
0.191176
0.209433
0.189054
0.213883
0.984779
0.99959
0.999544
0.00436502
3.18209e-05
0.000337093
0.00048536
4.30573e-05
4.22372e-05
0
1.44396e-05
0.000722935
0.000181764
2.87403e-05
0.000969874
0.00046862
7.35527e-05
0.000725308
0.00385866
0.000404207
2.42268e-05
4.66257e-05
6.94422e-05
0.00287466
0.00273869
0.000330349
0.00396083
0.000383809
0.00139518
0.00181468
0.000550674
0.00703571
7.32041e-05
0.000298349
0.000616807
0.000154395
0.00453701
0.00043413
0.000262549
0.000397099
0.00122046
0.000100418
4.58726e-05
0.000567916
2.41031e-05
2.60277e-05
0.000490009
8.57557e-06
0.00269478
6.51244e-05
0.000256441
0.00268497
0.000420234
0.000100775
0.998857
0.999344
0.999647
0.999789
0.999745
0.987903
0.202631
0.194939
0.183908
0.206902
0.197296
0.217512
0.198432
0.219957
0.176608
0.189683
0.196322
0.205647
0.191553
0.211603
0.176985
0.21663
0.192064
0.200244
0.20915
0.2084
0.202051
0.185988
0.20467
0.185175
0.207794
0.210134
0.213658
0.194712
0.210932
0.185686
0.198676
0.202077
0.201751
0.191634
0.212958
0.201764
0.208174
0.205789
0.191907
0.218702
0.163324
0.216708
0.181064
0.208881
0.212302
0.210404
0.192763
0.208283
0.184975
0.202932
0.196515
0.195964
0.207555
0.203147
0.214108
0.189631
0.20588
0.187998
0.219814
0.179347
0.192097
0.195134
0.191718
0.19786
0.212461
0.178454
0.211515
0.995356
0.999195
0.997461
2.63029e-05
0.000182782
0.000925068
0.000797166
0.00176867
1.61587e-05
0.000175637
0.00731576
8.71065e-05
0.000537407
0.00288291
0.000174566
4.1964e-06
0.00607326
5.71485e-05
0.000150724
0.000157558
9.72077e-05
0.0044045
0.000401421
0.000650327
0.00101566
0
0.00086065
0.000208358
0.000557132
0.000934716
5.40966e-05
9.86387e-05
0.00101595
0.000832816
1.80533e-05
0.00212457
0.00023253
0.000526258
0.000858491
0.000118294
2.23356e-05
0.000137575
8.57195e-05
4.33767e-05
9.00225e-05
5.88432e-05
0.00544061
0.00112592
0.000109102
7.79707e-05
0.000492199
0.00106692
0.000692967
0.000120558
5.16532e-05
5.85264e-05
0.00142216
0.983809
0.999616
0.999614
0.999564
0.9864
0.22835
0.194655
0.190113
0.203973
0.190809
0.186969
0.189642
0.208977
0.207369
0.211811
0.187446
0.213441
0.204131
0.208038
0.193913
0.199522
0.20891
0.192286
0.18728
0.201139
0.202424
0.202082
0.211897
0.199622
0.183806
0.195503
0.195438
0.190451
0.200035
0.212351
0.20004
0.198321
0.199805
0.198226
0.195815
0.18524
0.208779
0.191743
0.204591
0.216753
0.201444
0.19465
0.205484
0.192472
0.182877
0.208164
0.178099
0.221168
0.202596
0.204392
0.217605
0.184277
0.195864
0.181499
0.212449
0.189378
0.215557
0.207719
0.217233
0.191896
0.200752
0.199148
0.189334
0.215295
0.998156
0.999529
0.982465
0.00673151
0.000403993
2.06587e-05
0.00012293
4.68754e-05
0.000178123
0.0032101
0.000180208
0.000621193
0
0.000370828
0.000106507
0.000168442
0.0007781
0.00036481
0.00175341
1.0655e-05
3.46299e-05
1.06792e-05
0.00269564
0.000141321
3.92841e-05
0
0.000306999
0.00312452
1.29106e-06
0
0.00351846
0.00103742
0.000444643
0.00107752
5.54289e-05
0.00517942
0.00042622
0.000712821
3.30565e-05
4.00512e-05
0.00205313
3.60272e-05
3.54004e-05
0.000540287
0.00692358
0.000219828
0.00308736
1.5486e-05
0.000102097
0.000509217
9.66326e-05
0.0018496
0.00100749
8.41873e-05
7.0799e-05
0.00162136
0.00015006
0.00291657
0.000499537
0.00082376
0.00274531
0.996095
0.999555
0.999507
0.999748
0.979874
0.245611
0.185513
0.212441
0.210538
0.196996
0.197054
0.195421
0.180557
0.206987
0.195349
0.189694
0.182394
0.210212
0.205846
0.191719
0.208299
0.20677
0.2024
0.184842
0.196581
0.199803
0.195284
0.217184
0.197346
0.1989
0.200037
0.206172
0.193869
0.197631
0.199912
0.2006
0.193066
0.208591
0.214037
0.199712
0.19561
0.200551
0.189976
0.207285
0.20682
0.187117
0.207432
0.206077
0.208212
0.200689
0.194462
0.179144
0.204389
0.184873
0.216167
0.197535
0.216485
0.199524
0.200375
0.176123
0.199098
0.179678
0.213444
0.191658
0.221078
0.98388
0.999756
0.988698
0.0147185
0.000234988
0.000380454
0.000274484
0.000128559
0.00024254
0.00013273
0.000815277
0.000424462
0.00174049
0.000175283
0.000265426
0.00274259
0.000140854
0.000258078
0.00647509
0.000100956
0.00224996
0.000383932
1.7676e-05
0
0.000180929
8.88545e-05
7.08433e-05
0.0038914
0.000802331
0.000743937
8.5981e-05
0.0060268
1.24176e-05
0.000311645
0.00581161
0.00161389
0.00211141
0.000191518
7.35721e-05
0.000773189
0.000142062
0.00025391
0.000662896
0.00381211
0.00177549
0.000228751
0.00111622
0.000476492
0.000538268
0.0018848
0.000247507
0.00098486
0.00204392
0.000459556
0.000639971
0.00110635
0.00330449
0.00546334
0.000138859
6.40337e-05
5.52804e-05
0.000244807
0.00333645
0
0.00652101
0.989099
0.999348
0.998996
0.988793
0.999306
0.976167
0.217479
0.181937
0.206906
0.207835
0.227683
0.197128
0.195377
0.20313
0.202204
0.205798
0.195212
0.194202
0.200516
0.198929
0.19829
0.213474
0.202821
0.192993
0.203598
0.1966
0.200759
0.191535
0.185857
0.20666
0.200214
0.20173
0.208123
0.208824
0.197223
0.195011
0.185929
0.191985
0.206546
0.187293
0.203027
0.186764
0.190368
0.206541
0.197398
0.200333
0.196624
0.196092
0.214676
0.203709
0.213149
0.186484
0.205217
0.172811
0.20998
0.185902
0.216833
0.181834
0.22777
0.179599
0.220111
0.987042
0.999241
0.996502
0.0150655
0
5.48455e-05
0.000146387
0.00119494
0.00388082
0.0010792
0.000241369
0.000322562
0.00115336
0.000172022
0.00135616
0.00109448
0.00130211
0.000420699
2.9836e-05
2.08032e-05
4.22082e-05
0.00713023
0.000183093
0.00224168
0.00040323
0.00220832
0.000366375
1.06375e-06
0.00370418
0.00206824
0.000340972
0.000300409
0.000186155
0.000424152
0.00239125
0.00067432
0.000462679
0.00072681
0.000495628
0.00171726
0.000631693
0.000497393
0.000305438
0.00488036
0.000595275
0.000219492
0.00168921
0.00409154
0.000109002
0
4.79161e-05
7.44331e-05
0.000170401
3.79066e-05
0.00223226
9.156e-06
0.000347526
0.000209606
4.94986e-05
6.87437e-05
0.00143467
8.35643e-05
7.59776e-05
0.00117039
0.000362546
0.00110352
0.000257163
0.000176958
0.0148026
0.99618
0.999773
0.99956
0.999574
0.999216
0.986677
0.219181
0.182208
0.204445
0.173148
0.212932
0.195877
0.202505
0.20269
0.191432
0.221984
0.191984
0.195335
0.203293
0.188206
0.188175
0.213226
0.189707
0.210457
0.186454
0.210717
0.217519
0.197065
0.203734
0.20333
0.187504
0.204622
0.199559
0.200103
0.207284
0.195977
0.21221
0.191824
0.202073
0.204908
0.209501
0.203738
0.189753
0.202014
0.205955
0.203127
0.18264
0.199182
0.186175
0.223839
0.189827
0.22128
0.193819
0.202259
0.192365
0.208666
0.991678
0.999444
0.999539
0.992993
0.000202235
0
0
4.25338e-05
1.944e-05
4.2423e-05
0.00308372
9.92497e-05
0.000742745
2.14554e-05
0.000202221
0.000271839
7.89282e-05
3.14468e-05
0.00235425
9.64132e-05
0.000141306
0.00105693
0.000905131
0.000173133
0.000192364
7.40603e-05
0.0020103
0.00634687
3.26567e-05
0.00118828
0.000146166
3.28373e-05
0.000479122
0.00316491
1.90926e-05
3.91381e-05
0.00281689
6.57067e-05
0.000289012
0.00313652
0.000363997
0.00399135
0.00192624
0.000160056
7.19778e-05
0.000747322
0.000862135
4.53449e-05
3.87326e-05
0.00053455
0.00026754
5.36232e-05
0.000152613
0.0001307
0.00268516
0.000293916
9.07657e-05
0.000720511
0.000134364
0.000230364
0.00149156
0.000142104
0.000332634
9.70396e-05
0.00075566
0.000565452
0.000561995
5.702e-05
0.000293502
0.000245353
2.87694e-05
3.08325e-05
7.0751e-06
0.00296549
0.991096
0.999326
0.999621
0.999725
0.999663
0.999018
0.998369
0.213186
0.215472
0.196384
0.192487
0.194408
0.196997
0.186813
0.201529
0.217035
0.193492
0.211223
0.199328
0.202559
0.191418
0.206001
0.194158
0.205899
0.177285
0.199278
0.194812
0.203462
0.20147
0.186231
0.206081
0.204731
0.202863
0.202401
0.193901
0.187631
0.200596
0.196501
0.19934
0.190659
0.202999
0.199922
0.20055
0.197859
0.221089
0.185833
0.20597
0.178763
0.212137
0.198056
0.196428
0.209304
0.989824
0.997657
0.997363
0.998515
0.00360634
0.000119978
0.00333764
0.000182888
4.05044e-05
0
0.00440267
7.22149e-05
0.000271467
0.000802664
4.54001e-05
0
0
0
0.00403583
5.12757e-05
0.00300397
0.00133818
7.90827e-05
0.00219345
0.000391216
0.000292258
0.000104411
0.000797338
0.00261329
0.00100514
0.000241063
0.0107932
6.16935e-05
0.00277104
1.21297e-05
0.000575387
0.000810274
0.000412366
0.000736795
2.74025e-05
0.000734095
0.000590062
0.000208925
0.000412711
6.79224e-05
0.00018127
0.000160663
0.000343669
0.000297136
0.00244523
0.000138505
0.000559421
0.000732947
0.000342186
0.000527823
0.000128887
0.000123203
7.75752e-05
6.131e-05
0.000441451
4.0453e-06
2.68812e-05
0.00112895
0.00329931
9.88168e-06
1.82832e-05
0.000935914
8.34716e-05
0.000241129
0.000396402
0.00358163
0.000653391
0.000135131
3.35144e-05
3.26948e-05
0.000155215
0.00192711
3.33047e-05
0.00133179
0.991303
0.996803
0.999203
0.999245
0.99027
0.995816
0.997318
0.210168
0.188654
0.208848
0.205792
0.212542
0.185162
0.19221
0.198216
0.18416
0.206081
0.194905
0.19822
0.204051
0.218124
0.206365
0.211948
0.204318
0.20229
0.184714
0.208166
0.211472
0.18798
0.196475
0.18935
0.215335
0.206669
0.208273
0.199215
0.201295
0.209886
0.201681
0.19676
0.190112
0.195044
0.198489
0.202351
0.202095
0.227573
0.963434
0.999683
0.997472
0.999555
0.995659
0.0166403
1.34599e-05
0.000423047
3.77783e-06
0
0.000117528
0.000612037
0.000207695
2.41659e-05
0.000721559
0.000110487
0
5.59054e-05
0.000120228
0.000398069
0.0035248
0.00161644
0.00139092
0.000122939
0.000549681
9.77527e-05
0.000287103
0.00482052
6.048e-05
0.000136071
0.000271967
0.000624487
0.000261411
4.44096e-05
6.6845e-05
0.000320271
5.26883e-05
3.88616e-05
7.08372e-05
0.000744787
0.00334478
0.00242453
4.90423e-05
0.00546821
0.00267518
0.00600473
8.42889e-05
0.00225847
9.82145e-05
0.000135165
0.00115247
0.00136944
0.000342158
0.00135258
0.00202473
0.00439798
3.34631e-05
0.00118965
0.00507593
0.00205284
2.03129e-05
6.59951e-05
0.000385269
0.000977611
0.000163231
0.00170992
5.82047e-05
0.00259572
0.000172266
0.00332531
0.000521157
0.000380765
0.000106732
0.0057463
0.000345517
0.000607886
0.000659191
0.000747028
0.000102856
6.39896e-05
0.000280856
0.0029362
0.000260105
0.00136315
0.000394401
0.00103803
0.999624
0.999192
0.999006
0.999138
0.99931
0.999593
0.999464
0.979383
0.206651
0.196284
0.21059
0.199982
0.218734
0.206823
0.183048
0.212863
0.185798
0.190449
0.188763
0.185157
0.190901
0.208408
0.197274
0.203488
0.190048
0.199008
0.206491
0.200589
0.205822
0.185801
0.190048
0.189228
0.19132
0.2032
0.190644
0.206421
0.209209
0.208736
0.98948
0.998153
0.999425
0.998457
0.999464
0.999299
0.00103952
8.27802e-05
0.000137869
0.000466672
0.00112111
0.000704908
0.00347331
0.00471559
1.66262e-05
3.99868e-06
0.000400687
0.000173316
8.37898e-05
0.00490385
0.000158107
5.52132e-06
4.05998e-05
0.00266271
0.00071406
0.00125696
0.000141828
3.41435e-05
0.000979194
5.42405e-06
0.000462415
0.000124222
0.000270592
0.000468362
0.00205583
0.00108705
0.000191948
0.000626254
0.00248741
1.11697e-05
7.60184e-05
0.00361058
0.000205835
0.000377284
0.0019391
0.00307898
0.00014618
0.000434642
0.00307116
0.00166405
0.00105462
0.000296585
0.00269635
0.00183747
6.43376e-05
9.92755e-06
0.00353342
0.000109156
0.000137576
0.000311931
0.000583715
0.00077524
0.000364808
0.000579522
0.000321449
0.000407899
0.00538097
0.000447601
0.00507004
0.000244152
0.000181319
0.000531669
0.00208155
0.000506689
6.8098e-05
8.47767e-05
0.000461009
0.000920518
0.00120349
0.000367297
0.000194748
0.000161283
0.000669302
0.00236574
0.000140108
0
0
9.14275e-05
0
0.00029378
9.89756e-05
0.00227431
0.00256908
0.987457
0.999326
0.999459
0.999472
0.999631
0.998012
0.997892
0.99956
0.999652
0.999642
0.975752
0.217066
0.196707
0.206733
0.203804
0.204222
0.204867
0.210395
0.188201
0.214284
0.197744
0.195838
0.20795
0.198032
0.190062
0.197511
0.205533
0.210572
0.226611
0.996881
0.997943
0.994614
0.999547
0.998153
0.992317
0.999517
0.999612
0.986065
0.00265192
0.00159481
2.8243e-05
0
0
0.00152187
6.09404e-05
0.00021256
0.00117813
0.000795875
0.000124447
7.73998e-05
0.00028155
0.000136031
0.000172905
0.000146038
0.000284192
4.89568e-05
0.00149564
0.000621649
9.12032e-05
0.00195366
8.9163e-05
0.000183424
0.000408633
0.00253992
0.000212722
0.00284301
0.000552565
0.0019831
0
0.00403675
3.08968e-05
3.12199e-05
0.000548774
6.60726e-05
5.00221e-05
0.000371812
6.74201e-05
0.000197843
0.0016205
0.000253926
0.000705561
0.000421579
0.00152715
0.00388044
0.000109162
0.00261805
0.00110675
0.000146379
0.00300743
0.000148269
0.000540394
2.95991e-05
0.000195791
1.86077e-05
0.000101513
0.00196704
0.00510482
0.00126036
0.00217627
0.00183532
1.91276e-06
2.10627e-05
0.000129192
0.000975154
0.000784599
0.000130297
7.49364e-05
0.005136
0.00110068
0.000106373
0.000209175
7.52582e-05
0.000106006
9.56392e-05
0
0.000126524
0.000215269
0.00382073
0.0011432
0.00153335
0.000365491
0.000383352
0.000340054
0.000140238
0.00064898
0.00138443
0.00229793
0.000480206
0.00962208
3.90615e-05
0.000195715
0.00477616
0.00375644
0.991995
0.996904
0.998873
0.99905
0.996797
0.999399
0.999438
0.999478
0.999545
0.996857
0.998971
0.990692
0.999442
0.999161
0.999035
0.992327
0.999608
0.99978
0.999872
0.999821
0.999555
0.996328
0.976779
0.996969
0.99425
0.999765
0.999821
0.998943
0.00683987
0.000887707
3.10889e-05
0.000518467
0.00462279
0.000120944
0.00683962
0.00210213
0.000690705
0.000108438
5.92256e-05
0.000107246
0.0036529
0.000852329
0
0.000638466
0.00164603
0.00346179
0.000231867
0.00380814
0.00179966
0.00119789
0.000145287
0.000693395
0.000496528
0.000412491
0.000208481
4.93774e-05
3.20437e-05
0.0052789
0.000112205
0.00102842
0.00101712
0.000561222
0.000608137
0.00432746
0.000129652
0.000278292
0.00234414
3.42624e-05
0.00054552
9.2453e-05
0.000648836
0.000314973
0.000206352
0.000186056
0.00525141
0.000379906
6.53344e-05
0.00365419
0.000121273
0.000543125
0.00257705
0.00153775
0.00243203
0.000154434
0.00247105
0.000832343
0.000172923
0.000115801
0.000146857
0.00257805
0.00157647
0.000354542
0.00418966
0.000658849
0.000227793
0.000170195
0.000129713
0.00274261
0.00280526
8.67539e-05
5.08945e-05
7.7323e-05
6.6085e-05
0.000467129
0.00279873
0.000140025
0.000229638
0.000343594
0.000377745
0.000981124
0.00211419
0.000270484
0.000540844
0.000601606
0.00129276
0.00254761
0.000543212
0.00438924
9.11766e-05
0.00145546
0.000110987
0.00227895
0.00128921
2.16632e-05
1.83046e-05
0.00349146
9.55773e-05
4.44366e-05
0.00542987
9.2612e-05
0.000168403
5.97308e-05
0.00370536
0.00334139
0.00597896
0.984206
0.997038
0.999258
0.999722
0.999594
0.999876
0.999904
0.99975
0.999636
0.997482
0.999298
0.98504
0.998544
0.993261
0.0188276
0.00847125
7.00672e-05
5.45648e-05
0.00117467
6.25581e-06
0.000100458
5.38582e-05
5.12382e-06
0.000817667
0.00154144
0.00026221
5.50725e-06
1.04542e-05
0.00376826
0.000143335
0
0.00136208
0.000107318
0.000746389
0
5.06689e-05
0.000171612
3.63794e-06
0
2.49287e-05
0.00118943
0.000798407
0.000163833
5.481e-05
0.00134895
0.00063262
0.00408642
0.000706414
0.000495483
0.000205489
9.47572e-06
7.27566e-05
0.000577994
0.00155127
0.00181801
0.000188108
0.000340332
0.00583029
0.00030411
0.000483024
0.000295182
0.000179539
0.00883652
0.000418035
6.12436e-05
0.00162148
0.000395134
0.000103918
0.000459006
0.00232486
0.000755832
0.00112417
0.000253499
0.00128646
0.000137509
0.00276065
0.00179627
0.000394372
0.00275198
0.000979376
0.000243963
0.00300179
0.00019769
0.00368638
0.000136218
0.000110063
5.7251e-07
0.000251807
0.000661137
5.34493e-05
0.000111563
0.00105032
0.000794511
0.00306033
0.000277335
0.00101236
0.00139043
8.45328e-05
0.000251585
0.000498613
0.00102963
0.000107427
0.000107843
0.00262424
0.000138697
0.000199806
0.0001124
0
0.000249986
0.000464643
7.53188e-05
1.80708e-06
4.80334e-06
0
3.32351e-05
0.00282318
7.67105e-05
0.00150305
0.00277865
9.99323e-05
0.00130795
0.000276173
9.16223e-05
0.000231928
0.00183135
0.00127313
0.000114455
0.000126952
0.00100613
0.0106627
8.52e-05
0.00146213
0.000343114
4.18313e-05
5.65196e-05
0.000110551
0.000404338
0.000367044
0.00035931
0.000878735
0.0118593
0.000106881
2.33718e-05
0
5.5957e-05
0.00559303
0.000726737
0.00251658
0.000336594
3.74299e-05
0.000709478
0.000152007
0.00118963
0.00194465
0.000234256
0.0017826
2.59967e-05
0.00233295
0.000197827
1.80267e-05
0.000116304
7.4521e-05
3.53963e-06
1.74798e-05
0.00192913
0.000447328
5.27511e-05
0.000704291
5.80978e-05
1.57254e-05
0.00195959
0.000565589
4.61206e-05
0
0.00060881
0.000116972
0.00551214
0.000169563
0.000363157
6.83391e-06
0
0.0015269
0.000210189
0.000109203
0.000154934
0.00458529
0.000682528
0.00688736
0.00288626
0.000250042
0.000224772
0.000408147
0.000326567
0.0057837
0.000245278
0.00757833
0.00153456
0.00538046
0.000452952
0.00621933
0.00193506
0.000820827
0.00482839
0.000290002
0.00259675
0.000412533
0.000362459
0.000943305
0.000980693
0.00133352
0.0025795
0
5.10367e-05
1.28882e-05
0.000152674
0.00223542
0.00145615
0.0030294
0
0.000240556
0.000503069
0.000123825
0.000452032
0.000137636
5.28528e-05
0.000225479
0.000797948
0.000204017
0.000362437
0.000802923
0.000397643
0.00211982
0.000508921
0.000662813
0.00147602
0
0.000562391
5.96413e-05
0.00834096
3.3825e-06
1.30106e-06
0.00157757
0.000735417
0.00332868
0.00042312
0.000242502
2.67654e-05
0.000274656
4.33448e-05
0.00137509
0.0050904
0.000346734
0.000719495
0.000403974
0.0003165
0.00025848
0.00630096
7.99327e-05
1.88641e-05
0.00125094
3.54931e-05
0
0.000217266
0.000151298
0.00433476
7.02959e-06
0
0.000149244
0.000282535
0.00362482
0
0
0
0
0.000126808
2.00946e-05
2.18847e-05
7.16274e-05
0.000889921
2.59597e-05
0.00110517
0.00260577
4.45021e-05
1.7002e-05
0
0.000369416
0
0.00316582
0.00195004
0.000668828
5.68038e-05
0.00557628
0.000250452
9.87125e-05
0.00100559
0.000389288
0.000148993
0
0.00395628
6.24421e-05
0.00136475
5.94998e-05
0.000246791
0.00255212
0.00136818
0.000217027
0.000491876
0.00196375
0.00124344
0.00424435
0.000722092
7.60045e-06
2.83431e-05
0.000461447
0.00138754
0.000344216
0.000570423
0.00023038
0.0045713
0.00054447
0.000650423
0.000465272
0.000706387
0.000610858
0
0.00389
0.000428406
0.000279342
0.000473973
0.000167331
0.00255209
0.000840369
4.33442e-05
0.00212216
0.00586287
0.000686548
6.69897e-06
0.00190097
9.35822e-05
0.00476201
0.00102514
0.000110722
0.0004549
0.000453754
0.00498466
0.00184819
0.000363216
0.00194869
6.82021e-05
8.11115e-05
0.00797271
0.000252124
0.00124909
0.000202001
0.00333895
0.00103345
8.34859e-05
0.000221487
8.39793e-05
0.00186962
0.000350733
0.000619966
9.32778e-05
0.000236643
0
0
0.000223016
0.00173938
0.000741019
0.000177958
0.000122686
0.000156728
0
2.9425e-06
8.36151e-05
2.81197e-06
8.05139e-06
0.00048553
0.000140474
0.00112604
0.000650283
0
6.20064e-05
0
0.0034635
0.00147189
0.000285987
0.000673213
0.00018059
0
1.66392e-05
0
0
0.000337399
0.00193975
0.00400714
0.000205154
0
0
0.00707663
0.00013476
7.40974e-06
3.28252e-05
2.25723e-05
0.000449095
8.34953e-05
0
3.89152e-05
0
7.43636e-06
1.48634e-05
1.57516e-05
9.32872e-05
0.00101437
0.000995678
0.000885344
0.00225155
0.00121552
9.10629e-05
0
0
1.54985e-05
0.000997237
0.00286283
0.000385869
9.94025e-05
0.000172698
2.8976e-05
0.00043048
0.00074699
0.00203841
0.000887761
0.000105217
7.65229e-06
0.000724487
0.000280364
0.000445471
6.23978e-05
5.1174e-05
0.00089441
0.00087223
0.00564154
0.0010367
1.86901e-05
2.42469e-06
0.0057103
1.99727e-05
0.00122567
0.00300234
0.000315831
0.00184549
0.000708805
0.000566446
0.000487276
7.87141e-05
0.00119617
1.36525e-05
0.000922389
0.00265209
0.000714972
0.000756893
0.000332612
0.000309865
0.000396352
0.000492036
0.000603239
3.1097e-05
0.00106331
9.18128e-05
0.00976381
0.000474977
2.73232e-05
0.00022301
0.00134978
0.00216894
0.000505402
0.000967339
0.00424998
0.000107564
7.22233e-05
0
0.00159822
4.84121e-05
0.000445265
0.000183416
0.000365017
0.000277556
0.00135447
0.000254953
0.00128114
0.000707781
0
0.000141898
0.00360743
0
0
4.31289e-06
0.00161681
0
1.95003e-05
3.91819e-05
0.00402699
0.000227781
0.000313281
0.000651121
0.000540649
0.000690986
0.000948086
0.000433247
1.96987e-05
0.00016727
0
0.000128302
5.48018e-05
6.10269e-05
0.00118938
0.00307619
0.00429957
2.60643e-05
0.000505121
0.00203251
0
2.92589e-05
3.15444e-06
0.00982776
0.000842642
0.000876085
0.000410944
0.00136995
0.000149608
0.00168623
0
0
0
0.000616979
9.49542e-05
7.30803e-05
0.00806156
3.46997e-05
3.67789e-06
0.00139885
9.02108e-05
1.09795e-06
0.000327768
0.000655315
3.29997e-05
9.48043e-05
0.000957364
0.00154265
5.88305e-05
0.0026443
0.00128769
7.62333e-05
0.000452482
0.000604898
0.000473026
6.75906e-05
2.13582e-05
0
0.000631432
6.93409e-05
3.38332e-05
0.000101433
0.00139074
0.00332995
0.00248825
2.14271e-05
0.000251968
0.00160775
0.000800748
0.00288423
0.000218269
0.000126954
0.000688411
0.000164125
0.00025766
0.00233458
0.00083925
0.000378098
0.00114588
0.000770513
0.000392271
0.00510664
1.5111e-05
0.00556112
9.69879e-05
0.00534585
8.28767e-05
0.00027012
0.0048551
0.000505159
0.000114824
0.000500091
2.20574e-05
0.00201289
0.00247549
0.000295165
6.57684e-05
0.000316557
0.00188547
0.00192315
0.000181781
5.16829e-05
0.000494891
0.000195047
2.03494e-05
0.000840532
0.000118062
0.000278657
0.000288172
3.46421e-05
0.000419137
0
0.00392156
9.367e-05
0
0.000276415
0.000881573
9.14992e-05
0.00207656
0.000370258
0.00633661
0.00177311
0.000115303
0.000661661
0.00263052
0.000548481
1.21737e-05
0.000407349
0.0020378
1.88412e-05
9.20429e-05
0.000318003
0.000172035
0.000940841
0.000240046
5.02966e-05
0.000140531
0.00357107
0
7.13005e-05
5.02258e-05
0
0
1.01559e-05
0.00214259
0.00143013
3.46171e-05
2.36868e-05
0.00591399
0.000426132
0.00038297
0
0
3.73675e-05
0
0.000181692
0.00470304
0.00639716
0.000881312
0.00494387
0.000478517
0
0
0.000138148
0.000238838
0.0017633
0
0.000402596
1.61182e-05
0
0.000153621
0.00305073
1.36044e-05
0.000286077
0.00585771
0.00219047
0
0.000124604
0.00349765
0.00100472
0
4.55348e-06
2.84363e-05
0.000576901
0.00716971
0.00355921
1.98508e-05
5.97294e-05
0.000155117
0.000556702
0.00432101
0.000251202
0.000778897
0.00161552
0.000105858
0.00242083
3.61947e-05
3.97801e-05
0.000180571
0.00362259
0.00324354
0.000179983
0.000140044
6.4445e-05
0.000174805
0.000291243
0.000207919
0.00686992
0.000735056
0.00218356
0.00049781
3.84427e-05
0.00584377
0.000177415
0.00237231
0.00467592
5.91702e-05
0.00044919
0.000810548
0.000244722
0.00339317
0.000725748
0.000178374
0.0020498
0.00145084
0.00109485
0.00125953
0.00201812
0.000364255
0.0019476
0.000315598
7.37408e-05
0.000149948
0.00122147
0.00493418
2.16954e-05
5.04411e-05
0.00408806
3.47123e-06
0
0
0.000679168
0.000187482
0.000561516
2.62899e-05
0.000107677
0.00154766
6.58135e-05
0.000380907
3.33552e-05
0
0.00152586
0.00161896
3.29843e-05
9.4013e-05
5.14608e-05
0.000319466
0.000992863
0.000307092
2.57391e-05
1.22664e-05
6.06993e-05
9.15299e-05
0.000106286
2.57559e-05
0.00423995
0.00422911
0
0
0
0.000472335
0.00219866
1.64241e-05
4.37352e-07
1.30829e-06
0
0.00117574
1.85515e-05
7.19365e-06
0.000522088
0.000265484
0.00809644
0.00223775
6.21463e-05
0
2.8527e-05
6.27564e-05
6.61416e-05
5.08979e-06
0.000171303
0.00117727
7.60537e-05
4.99487e-05
1.37501e-05
9.37022e-05
0.00350862
0.000735058
0.00154173
8.22141e-05
0.000298992
3.18294e-05
0.000647857
2.05007e-07
0
2.77988e-06
0.000198893
0.000304234
0.000253058
0.00178773
0.003588
0.00061542
0.000467357
0.00128232
0.00160313
0.00019297
5.19401e-06
4.29841e-05
0.00607998
5.36531e-05
0.00406059
1.05836e-05
5.94989e-05
0.00045029
0
0.000494048
0.000584497
0.00359841
0.000284528
0.00025925
0.00179763
0.000740645
0.000199816
0.000326773
0.000805036
0.000152656
0.00101003
2.18107e-06
0.00218839
0.000258618
0.000311053
0.00115556
0.000851421
0.000552073
0.000732805
0.00199182
0.00076257
0.000717877
0.00167458
0.00231391
0.00175314
0.00616573
0.00141296
0.00021304
0.00379731
0.000669434
0.000359487
0.00019646
0.00107029
9.52289e-05
0.00173953
0.000387194
5.41167e-06
3.58675e-06
7.77877e-05
0.000240655
0.000125182
1.66149e-05
0.0012662
0.000216309
0.0019895
0.000337206
0.00383717
0.000186367
0.000385768
1.37521e-05
0.000646231
0
0.000103654
0.000160791
5.93344e-05
0.000856969
0.00546713
0.00402907
0.000276285
0.000368954
0.00169302
0.00203596
0.00324846
0.000123726
4.13837e-05
0.000144409
7.49265e-06
2.62795e-05
2.62795e-05
0.00010947
0.00710131
0.00408675
8.64337e-05
0.000530919
0
0
0.000178363
0.00427349
0.000966308
0.000192105
0.000357013
0
0.000258177
0.00337012
3.98785e-05
3.68777e-05
8.88388e-05
0.000144374
0.000144132
0.000187866
0.00646073
0.000423005
0.000959236
0.000550236
0.00289696
0.000162844
1.07164e-05
0
5.58376e-06
9.94543e-05
6.35902e-06
3.58855e-05
0.000558194
0.00842885
0.000183386
0.000547107
0.00155616
0.00143388
5.31162e-05
0.000500371
0.00604903
0.000373763
0
3.66123e-05
5.90721e-06
9.32779e-06
7.61189e-05
0
0.000854092
0.000416042
0.000424077
0.000665975
3.86888e-06
0.000464809
0.000957248
0.000801165
0.000590075
0.00526987
9.10228e-05
4.97572e-06
0
0.00169286
9.09096e-05
0.00348271
0.000882574
0.00304995
0.000500133
0.000323825
0.000719631
0.00533882
0.00758687
0.00131295
0.00502439
0.000340387
0.000352706
0.000364859
0.000411284
0.000454497
0.000713852
0.00139142
0.0033356
0.00251036
5.70874e-05
7.1403e-06
0.000205325
0.000811698
0.00144777
0.000143812
0.000956479
0.000311943
0.000344532
0.00407913
0.000909905
3.08433e-05
0
0.00502673
9.7215e-05
1.79118e-05
0.00138638
0.000928637
0.000154461
0.00186293
0.000479377
0.000139175
0.000402849
0.00161869
0.000670957
7.0423e-05
0.000175316
0.00020009
0.000197318
0.00401779
0.000299354
0.000268043
0.000544106
1.30082e-05
0.00033386
6.51413e-06
0
3.30966e-05
0.000146805
0.000122467
0
0
0.00010034
0.000202934
0
4.44589e-05
4.51376e-05
0.000200287
0.000397285
0.00108775
0.000706622
0.000949808
4.1626e-05
1.36139e-05
0.000998982
0.000456081
5.61405e-05
0.000384874
0.000169079
0.000399136
0.000139911
0.000726053
0.00652765
0.00257381
0.000171866
0.000421445
0.000115438
0
1.49979e-05
3.34203e-05
0.000889357
5.51836e-06
0.000120265
0.00696109
1.592e-06
0
7.18874e-05
0.000205616
0.000495739
0
0
0
0.000525445
0.00018114
7.07688e-05
0.000612445
4.60134e-05
0
6.50732e-05
0.000225851
0
0.00274449
0.000312669
0.000379016
0
0.00135475
2.14116e-05
0
0.00369034
3.19463e-05
0.00236319
0.00276961
0.000480806
6.75189e-05
4.66001e-05
0.00102162
0.000440153
3.30886e-05
0.00201728
0
4.89706e-05
0.000544526
2.87748e-05
0.00462277
0.00105015
0.000240938
0.00258216
0.00355767
1.31251e-05
0.00191785
0.00130889
0.000133943
0.00432951
0.000949603
0.00158997
0.000740464
0.000855445
4.97247e-05
0.0048178
1.72611e-05
0.000265811
0.00107096
0.00595506
0.000624654
0.000408859
0.00188733
0.00083804
0.00108362
5.26773e-05
0.00384785
0.00146982
0.00205055
0.00195206
0.00311674
0.000294518
0.00130306
0.000346387
0.000159389
1.56893e-05
5.75096e-05
0.000333495
0.000464882
5.88062e-05
0.00191337
0
8.3908e-05
0.000292537
0.000118395
0.000278366
5.60805e-05
3.83649e-05
0
0.000212019
0
9.07858e-05
0.00188759
0.00212814
0.000973791
0.000434614
0.000426223
0.000983417
0.0028449
5.9803e-05
8.39729e-05
0.000119204
7.93794e-05
3.68311e-05
7.69544e-05
5.00156e-05
0.00124899
0.00031085
2.73432e-06
0.000659442
0.00154663
0.000138697
8.99397e-07
0.000194614
0.00127749
0.000334314
0
0
8.21425e-05
0.000554909
0.000231693
6.62894e-05
0.00360498
0.00305896
0.000379518
0
1.47219e-06
0.00242958
6.94226e-05
0.000175088
0.00130751
0.000238239
4.5481e-06
1.4463e-07
3.32658e-05
0.000524186
0.000196323
0.000919193
0.00048622
9.22076e-05
2.17082e-05
0.000896217
0.00154332
0.000108043
0.00662273
0.00367598
0.000166683
0.00172749
0.000896728
0
7.80886e-05
2.6985e-05
0.00346051
8.04318e-06
0.00129841
0
0
0.000429796
0.00122543
0.00150706
0.000165684
0.00118663
0.00186444
0.00365362
0.000278156
0.00149159
0.000184502
0.00395293
0.00278497
6.70524e-05
0.00344012
0.00149448
0.00213
0.000301426
0.00105423
0.000176232
0.00247726
0.000879485
0.00205621
0.00263641
0.00384977
0.00175066
0.00106499
0.00026473
0.00163658
0.00100599
0.00412648
0.000581136
0.00360877
0.000430881
0
0.00310845
6.27025e-05
0.000220201
0.00153163
0.000928386
0.000349761
0.000173762
1.27903e-05
0.000179522
8.86227e-05
0.00194172
0.00279152
0.00180245
0.000240906
0.000286857
3.079e-05
0.000133106
1.59946e-05
0.0052005
0.000617696
0.00012405
0.00082406
0.00475688
0.00146045
0.00440603
0.00169349
0.00110621
0.00167538
0.000155637
0.000541737
0.00156688
3.22784e-06
0.000105377
0
0
0.00139442
1.42007e-05
1.77782e-06
0.000518242
0.000187327
0.00236378
0
4.23879e-07
0
0
0
0.000301707
0.00090655
0.000113427
4.70365e-05
1.02083e-05
0.00570267
0.000398472
0.00303957
0.000131061
0.000377848
3.38615e-05
0
0
0
0.000474107
1.76157e-05
0.000106371
4.97664e-05
1.23453e-05
0.000115635
0.000476345
0.00189084
0.000542906
0.0065192
0.000495822
0.000154581
0.00457149
0.000555986
7.62048e-05
0.000705343
7.74692e-05
0.0043087
1.77945e-05
4.76064e-05
0.000114924
0.00116895
0.00234568
8.20097e-05
0.000454182
0.00011251
0.00109685
1.7873e-06
0.00220857
0
0
0
0.000378283
0.000512797
0.00578217
0.000500361
6.30449e-05
0.000193237
0.00424099
0.00153464
0.00156529
4.16136e-05
5.26594e-05
0.000225343
0
1.29618e-05
0.00674524
0
0.00715778
0.00211662
0.00191075
0.00110844
0.0098713
0.00032339
0.00319553
0.00109766
0.000511905
0.00197445
0.000651983
0.00442937
0.00129055
9.24739e-05
0.00065419
0.00117996
0.00018276
1.1544e-05
0.00020303
0.00136449
0.000483321
0.000448548
0.000978201
0.000805165
0.0015765
0.00101348
5.53091e-05
0.00226622
0.00254885
0.000385707
9.68922e-05
0.00220921
4.43194e-05
0.000388188
6.78169e-05
0.00533945
0.00215169
0.000331675
0
0
2.83572e-05
0.000611462
7.45706e-06
0.000280903
0.000294509
0.000422653
0.000100442
0.00412918
0.000285034
0
5.93038e-05
0.000310131
0.000116631
0.000212716
0.000920086
3.60741e-05
0.000210803
4.35848e-05
5.52227e-05
0.00315204
0.000681929
0.00120178
0.000584416
0.000493055
0.000350585
0.00250469
0.00112047
8.52005e-05
3.70468e-05
1.51811e-05
0
0
0
0
0
0
0.000849571
0.00016323
0.000117537
0.00529357
0.00105124
0.00250325
0.00270687
0.00163431
0.000404322
0.000535017
0.00132886
0.000625962
0.000653218
1.17291e-05
0.000291251
0.000137792
9.35881e-05
4.64293e-05
0.000172944
0.000126352
0.00851162
3.06666e-05
0.000109074
0
0
8.89251e-06
1.01661e-05
0.000625932
0.00149931
0.000886318
0.000289504
0.000464427
6.10329e-05
0.000187266
0.00393782
0.000787495
0.00145072
0.00187402
0.00253598
4.02403e-06
0.000531086
0.00802138
0
3.56932e-05
0
0.000181629
0.00187608
8.64354e-05
0.00101479
0.000647708
0.00318779
0.00173905
0.00404843
0.00671602
0.00306971
0.00336644
0.000319212
0.00228387
0.00114341
0.00139804
0.000518555
0.00149357
0.00107627
0.000102552
0.00111552
0.0011588
0.000209123
0.000845154
0.000121586
0.00553619
0.00240454
0.000303301
0.000217906
0.00352558
0.00193272
0
0
0.000103799
0.000168846
0.00275682
0.000179249
0.000481029
0.000529976
7.81973e-06
8.39429e-05
1.02854e-05
0
0
8.62213e-05
0.00541976
0.00127212
1.24638e-05
0
0
0
0
1.69689e-05
0.00028766
2.67933e-05
2.98108e-06
0.00930188
2.93903e-05
0
0
6.90034e-06
0.000429226
0.00255741
0
3.04935e-05
0.000142144
0.00105035
0.00058579
0.000362736
0.000793209
0.000204178
0.00116719
0.000787666
2.46909e-05
1.42279e-05
3.66245e-05
0.00045885
0.00159618
0.000256623
1.54832e-05
0.00182271
0.000261119
0.000391475
0.00166767
0.000181331
4.8634e-06
7.9307e-05
0.000376721
0.00257973
7.89656e-06
0.000302706
0.000127217
5.94147e-05
2.48232e-05
0.000137056
0.00277039
6.93468e-05
0.000711577
0.000601218
0.00127954
0.000177846
0
0
6.04884e-06
6.48683e-05
7.11295e-05
6.81094e-05
0.000775572
0
0.00437214
0.00194868
0.00216745
0
0.000114369
0.0010251
0.000784363
0.000126007
0.0018934
0.00166643
0.000791891
0.000851949
0.00013474
0
0.00482363
5.84189e-05
0
7.37279e-05
2.37359e-05
0.00125071
0.000841778
0
0.000307395
0.000825413
0.00025917
0.00175748
0.0026595
0.00366601
0.005809
0.000663622
0.00504265
0.00303364
0.00287742
0.00054917
6.16936e-05
0.00619057
0.000458886
0.000684365
0.000969327
0.000680517
0.00161168
0.000698278
0.00200615
0.000336153
0.000307032
0.000177901
0.00510219
4.67788e-05
0.000429142
0.000338565
8.01544e-05
0.00135622
0.00285392
6.10109e-05
6.13594e-05
0.000445766
0.0006157
0.00559709
0.000100337
0.00277039
0
2.27103e-06
0.000372606
0.000268837
0
4.49314e-05
0
0
3.19155e-06
2.83507e-05
0.000812752
0
0
0
0.000111172
0.00073856
0.000171628
0.00587695
0.000325825
0.00248228
0.000200963
0.00014347
0.00269762
1.49922e-05
5.51588e-06
0
4.45631e-05
0.000122104
0.000762309
0.000728404
0.000295905
0.00041923
0.00018161
0.000277384
0.000590273
0.00142013
0.00140654
0.000147993
9.79121e-05
0.00111726
4.98474e-05
0.000173103
0.00269945
0.000693129
0.00118493
0.000401703
0.000313829
7.28847e-05
1.27337e-05
0.000688719
0.000161474
7.03189e-06
0.000606891
0.00110105
0
3.59452e-05
5.28258e-05
0.000834827
0
1.48522e-05
7.10165e-05
8.29819e-05
0
0
0
0.000713673
0.000867511
0.00330562
0.000292047
0.000140994
0.000117799
0.00189069
0.00101572
0.00322682
3.82357e-05
0.000516438
0.00273378
0.000866128
6.05741e-05
0.00049297
0.00119771
0.00172543
2.59717e-05
0.00182845
0.00113034
0.000861925
1.72838e-05
0.000236099
0.00273368
0.00101267
0.000680599
0.00276441
0.00122794
0.00772161
0.000592016
0.00126969
0.00238924
0.00168588
0.00119995
0.00064294
0.000807417
0.00860246
0.00166588
0.000902119
0.000434405
1.78858e-05
0.000511009
0.0046475
0.00146603
0.000755785
0
0.00148007
0.00381119
0.00269515
0.0003379
0.00376459
0.000546623
0.00033632
0.00175412
1.51396e-05
5.12199e-05
0.000826052
0.00709748
0.000128457
0.00138846
2.46573e-05
0.00504249
0.000405402
0.00652773
5.31602e-05
0.00306652
3.85955e-05
0
0.000338289
1.3424e-05
0.00277964
0.00317974
0.00315621
0.000471893
0.00245838
0.000225415
9.85652e-06
1.43776e-05
0.000188708
0.000960565
2.59918e-05
0.000203271
0.000115826
0.00317324
0.000397862
0.000470244
0.00393376
0.00309047
0.000145354
0.00369673
9.94539e-05
1.51452e-05
2.82603e-05
0.00108034
0.000502112
3.87622e-05
8.0788e-05
0.000948318
9.16526e-05
0.000160688
0.00340752
0.00133987
0
3.60162e-05
0
0
1.50836e-05
7.82431e-05
8.32971e-05
0
0
0.000268814
4.40821e-06
0
0.000667177
0.00013862
0
0.000254395
3.39042e-06
0.00261828
0.00218561
0.00185212
0.00173915
9.24326e-07
0.00391611
0.000601211
0.000606987
1.00743e-05
0.00010776
0.00135925
0.000300041
0.0013935
0.00205667
1.48518e-05
2.73509e-05
0.00114469
0
0.00155752
0
9.36475e-06
0.000289446
0
0.00577894
0.00557818
3.25313e-05
0.000297158
0.00100863
0.000177241
0.00120982
0.000216102
0.00170988
0.00292001
0.00371684
0.00328767
0.00303578
0.0032135
0
0.0108807
0.000851334
0.00334695
0.00832086
0.00854305
0.00031553
0.00143265
0.000622565
0.000460734
0.00262248
0.00100344
0.00121853
0.00252416
0.000626392
0.00165993
0.000171245
0.0055815
0.00401506
0.000278439
0.000110165
0.000201977
0.00015188
1.20116e-05
0.000134266
7.28499e-09
0.00178758
0.000739467
0.000489116
5.53837e-05
0.0016953
0.000309769
0.000331858
0
0.000435651
8.37268e-05
0.000680703
4.5559e-05
0.000917304
0.00448882
3.31398e-05
3.13766e-06
0.00228978
8.91647e-05
0.000307593
0.00345315
0.000292555
0.00130063
0.000235371
3.40485e-05
3.20319e-05
0.000989791
5.66905e-06
6.93866e-05
0.000544631
0.00153769
2.5779e-05
8.35911e-06
0.00273583
0.000965538
5.55152e-05
6.82956e-05
2.70506e-05
6.95774e-05
0.00105748
0.000107341
0.00278774
0.000362033
1.44884e-05
0.000212243
0.000170893
0.000489939
6.65011e-05
0.00697798
0.00107751
0.000654787
0
9.47936e-05
0.000306764
0.000112908
0
0.000380302
0.00186422
0.000988425
2.95294e-05
0.00105402
0.00368775
0.00127091
0
4.35397e-06
0.000666616
0.00564373
0.000236655
0.00113336
1.37486e-05
0
0.000421765
0.000200577
1.95766e-05
2.67653e-05
2.8951e-05
0.000742691
3.83877e-05
2.37253e-05
0.0017751
0
0.00215513
0
7.65983e-05
0
0.00169836
0.000762263
0.00204254
0.000168157
0
3.86923e-06
0.003874
0.000383939
0
0.00271309
0.00125703
0.00291869
0
0.000586311
0.00103998
0.00382646
0.00017004
0.000476801
0.000246084
0.00152176
0.0119986
0.0168726
0.00317266
0.00155178
0.00400755
0.00446083
0.000683039
0.00780179
7.35293e-05
0.00389177
0
0.000431504
0.00244377
0.00112649
0.00263476
9.40086e-05
0.000374676
0.000651532
0.000314098
0.000866047
2.70218e-05
0
0.000946006
0.000132243
0.0031384
0.000285473
0.000336266
1.30582e-05
0.00141614
0.00394678
4.06472e-05
9.3042e-06
0
4.67057e-06
0.000105948
0.000142797
0
1.31166e-06
0.000375598
0.000207156
0.000334052
0.000258563
0.000295586
0.00232124
0.000164005
0.000254046
0.00263908
0.000357765
0.000152889
8.82736e-05
0.000629302
0.000539281
0.00120651
0.000434385
3.30969e-05
0.00232004
0.000265965
0.00423443
0.000330069
0.00124126
0.000667043
0
0.000203885
0.00104464
0.000124319
0.00289099
0.000325075
0.000568825
0.000123989
0
0
0
0.000147199
0
0
0
0
0.000160957
2.47868e-05
9.50994e-05
0
4.50643e-05
7.68094e-05
3.42616e-05
0.000160435
0.00502038
9.00258e-05
0
0
8.62055e-05
0.000250475
0
8.36762e-05
0.000137109
0.000847117
5.20467e-05
0.00282856
0.00156719
0.000163389
6.3973e-05
0.000959057
0.00332891
4.79787e-06
3.91188e-05
0.000346429
1.20555e-05
0.00102288
0.00303361
0.000369865
0.000448558
0
0.000785302
0.00754608
0.000431916
0.000107212
0.000248215
0.000611276
0.000105605
0.000461381
0.000326386
0.000300386
0.00563801
0.00124278
0.000460554
0.00272286
0.00298917
0.00123285
0.00156006
0.00338326
0.00255013
0.0277544
0.0074889
0.00137464
0.000668976
0.00562664
0.00018706
0
0.00221253
0.00119974
1.95456e-05
0.000800315
0.00294671
0.000390498
0.00016436
0.000164909
0.000350529
0.001105
0.000356233
0.000942921
0
5.33656e-05
0.00114957
7.11744e-05
0.00249437
0
0.000706533
0.000157695
0.00199606
0.000858335
0.000287646
0.00295906
0.000165205
0.00175913
0.000898522
0.00056422
4.30419e-05
8.55551e-05
0.000132755
0.00032273
3.75535e-05
0.000240928
0.00494918
0.000964805
3.94916e-05
0.000939973
0.000278793
0.00348824
0.000674522
0.000231056
0.000656
0.00109064
0.0016469
0.000244734
0.00168737
6.16293e-05
8.91483e-05
0.00086406
0.00021249
6.39365e-05
6.57906e-05
9.75289e-06
0
5.28686e-06
0.00404065
0.000218855
5.34351e-05
0.000138918
0.00355806
0.00136408
0.00273863
0.000236388
0.00288968
0.00288037
0.000350766
0.00110971
0.000327524
0.00932239
0.000175025
0.000216002
0
0.000335614
0.000909583
0.00419219
3.33359e-05
0.000662077
0.003359
0.000551595
0.000237472
0.00239941
0.00734963
0.000371266
0.00145796
7.17476e-05
0.000744628
0.000662098
0.000245691
0.00272831
0.00511142
0.00116962
0.00027936
5.77555e-05
0.000946746
0.00124586
0.0010829
0
0.000106346
9.1846e-05
0.000398804
9.45142e-05
0
0.00184686
0.00453147
2.01777e-05
0
0.0052528
0
1.83809e-05
0.00772655
0.000462241
0.00061562
0.00457047
0.0010151
0.00366768
0.000388546
0.00375269
0.00140599
0.0161624
0.0644399
0.00709216
0.00759763
0.00181152
0.00777188
0.00542178
0.0019068
0.00428628
0
0.000602085
0.00571846
0.00160551
9.08656e-06
0.00405858
0.00301075
0.00120745
3.56377e-06
0
0.000147538
0.00168786
0.00571047
0.000271583
0.00310182
6.26275e-05
7.79263e-05
6.86759e-05
0.000894943
0.00247496
0.000128882
0.0110536
5.89696e-05
6.48133e-05
0.00108955
0.00185587
0.00129086
0.000598774
9.33958e-05
0
0.00301839
0.000455767
0.000292054
8.1535e-05
0.000111106
0
0.00164159
0.000104495
0.000385853
0.00010561
0.000201013
0.000391602
0.00036501
0.002554
0.000170695
0.000146515
0.00400399
0.00205979
0.000909839
0.0017757
0.00139671
3.62641e-05
0.00183882
0.00284911
0
0.000292281
0.000211113
0.0010112
0.00361632
0
0.00037915
4.50451e-05
0
0.00236564
0.00440182
0.000294656
0.000257068
9.9031e-05
0.000968583
8.82392e-05
5.28609e-05
0.00134562
0.000201944
0.000108005
0.000268493
9.73245e-05
0.000128201
3.24721e-05
6.38677e-05
0.00027205
0.00143793
7.74711e-05
0.000437983
0.000737048
6.24579e-05
0
9.56047e-05
0.000848102
0.00130243
0.000329096
0.000299866
0.000167252
0.000144618
0.000410095
0.000502935
0
0.000159574
0.0010637
0.000322112
6.80581e-05
0.000784484
0.00274741
9.4104e-05
0.00159936
0.000954865
0.000695276
0.00428476
0.000721886
0.000476598
0.00311609
3.62192e-05
0.0147878
0.000580953
0.00337741
0.000706937
8.02342e-06
0.00330211
0.000260945
0.00982108
0.00637889
0.0384549
0.00554928
0.00320444
0.0129802
0.0054355
0.00116212
0.00271237
0.00346624
0.00220241
0.00222505
0.0009405
0.00079841
3.66881e-05
0.000948831
0.000488033
0.000117005
0.0011644
0.00022111
0.00139329
6.77096e-05
7.15155e-05
0.00536578
0.00112681
0
5.9227e-07
0.00282731
0.000406502
7.69109e-06
1.76467e-05
0.00124451
7.37672e-05
0
0.00168657
0.000102046
1.95796e-05
0.00104636
7.23489e-05
0.00403836
0.000408188
0.000984847
2.52144e-05
0.00357102
0.00156889
0.000626091
0.000720867
0.000588039
0.00016495
4.69034e-05
0.00213347
0
0.000165735
4.26151e-05
0.000460871
1.58595e-05
0
3.88886e-05
0.000619343
0
0.000241287
0.00176743
1.54218e-05
0.00343613
0.000649726
5.19735e-06
3.36546e-05
0.000393138
2.89636e-05
0.000118171
7.84409e-05
0.000110817
0.000126521
4.81189e-05
0.000110697
9.51756e-05
0.000131321
0.000330144
0.00112418
0.00037473
0.000487938
0.00277997
0.00449644
0.000476129
0.000602747
0.00029328
0.0117939
0.000740542
3.40003e-05
0
0.0012092
0.000411787
0.000854133
0.000974397
0.00632885
8.55396e-05
0.00107294
0.000352793
0.00101208
0.0024407
0.00109583
0.000624215
0.00119578
0.00275882
0.00327523
0.00204173
0.00525357
0.000500049
0.000242563
0.000873101
0.000941615
1.04403e-05
0.000284923
0.000499194
0.000164272
0.00578319
0.000615965
0.000569147
0.000530997
0.00104815
0.0015969
0.000711286
0.00222751
0.00531796
0.0011875
0.000639073
0.00194975
0.00117659
0.0211858
0.0101038
0.0441801
0.0333856
0.100858
0.00148949
0.0216841
0.00243065
0.00773253
0.00131567
0.00202488
0.000703522
0.000849898
0.00294529
0.00054023
0.00130129
0
0.00111003
0.0026387
0.00114607
0.000290948
0.000550962
0.00494372
0.00167647
0.000720073
0.00792585
0.000113281
0.000464681
0.00055791
0.000610841
0.000277554
0.000511178
0.000896693
0.00329843
0.00336555
0.000476479
0.000595256
1.50905e-05
1.57307e-05
0.000242558
0.000754111
0.000789826
0.00443946
0.00040736
0.000863605
0.000152772
0.000291288
0.00320517
0.00095737
0.000745542
0.000400558
0.000150691
0.000320869
0.00613248
0.000375711
0.00043814
0.000588155
5.91814e-05
3.48735e-05
0.00312995
0.00149921
0.000566095
0.000628238
0.000618551
0.000536974
0.00388872
0.000669797
0.000260321
0.000439992
0.00098769
0.00483888
0.00457327
0.000328936
0.000285017
0.000396978
7.09013e-05
0.00107387
0.000642741
0.00445863
0.000302575
0.000100751
0.000490655
0.000435817
0.000422668
0.00137301
0.000249225
0.000129186
0.000117056
0.000209917
0.00141011
0.00248248
0.00128023
0.000943472
0.00015129
0.000282822
0.000754821
0.00139384
0.00203886
0.000419035
0.00210221
0.000864889
0.000794725
0.000601747
0.000499221
0.00146068
8.40707e-05
0.00226961
0.000757761
0.000993565
0.000914173
0.000158991
0.00388227
0.000161253
6.10077e-05
0.00133918
0.0010075
0.00743801
0.00116109
0.00092052
0.0021632
0.00336984
0.000804401
0.00560309
0.00125494
0.00366768
0.0100734
0.0185473
0.00432444
0.0852084
0.0186024
